customer_id,Recency,Frequency,Monetary,R_Score,F_Score,M_Score,RFM_Score,Segment,Segment_Name
C09000,2,13,6613.75,5,4,5,545,2,Standard (MHH)
C09001,91,2,547.0,1,1,1,111,0,Hibernating
C09002,3,12,4852.99,5,4,4,544,2,Standard (MHH)
C09003,14,8,1520.01,3,2,2,322,1,Standard (MMM)
C09004,4,15,5276.7,5,5,4,554,2,Standard (MHH)
C09005,11,19,6321.25,4,5,5,455,2,Standard (MHH)
C09006,35,8,2420.3,2,2,2,222,1,Standard (MMM)
C09007,9,8,2032.5,4,2,2,422,1,Standard (MMM)
C09008,65,6,7178.4900000000025,1,1,5,115,0,Hibernating
C09009,27,11,6329.0,2,4,5,245,2,Standard (MHH)
C09010,29,14,7509.0,2,4,5,245,2,Standard (MHH)
C09011,15,6,2282.0,3,1,2,312,1,Standard (MMM)
C09012,8,16,7370.030000000001,4,5,5,455,2,Standard (MHH)
C09013,4,14,3156.81,5,4,3,543,2,Standard (MHH)
C09014,30,12,3523.54,2,4,3,243,1,Standard (MMM)
C09015,7,16,5048.99,4,5,4,454,2,Standard (MHH)
C09016,3,8,2164.75,5,2,2,522,1,Standard (MMM)
C09017,51,9,3292.28,1,3,3,133,1,Standard (MMM)
C09018,39,4,1949.3,1,1,2,112,1,Standard (MMM)
C09019,28,5,3586.02,2,1,3,213,1,Standard (MMM)
C09020,14,9,2896.87,3,3,3,333,1,Standard (MMM)
C09021,11,4,1254.0,4,1,1,411,1,Standard (MMM)
C09022,100,2,2280.0,1,1,2,112,0,Hibernating
C09023,5,5,1919.0,5,1,2,512,1,Standard (MMM)
C09024,16,4,2951.3,3,1,3,313,1,Standard (MMM)
C09025,4,2,314.01,5,1,1,511,1,Standard (MMM)
C09026,9,9,2659.6,4,3,3,433,1,Standard (MMM)
C09027,35,4,1724.75,2,1,2,212,1,Standard (MMM)
C09028,27,9,7247.65,2,3,5,235,2,Standard (MHH)
C09029,19,8,1693.9,3,2,2,322,1,Standard (MMM)
C09030,28,12,5947.120000000001,2,4,5,245,2,Standard (MHH)
C09031,10,18,10746.5,4,5,5,455,2,Standard (MHH)
C09032,19,11,2507.1,3,4,2,342,1,Standard (MMM)
C09033,25,3,1185.56,2,1,1,211,1,Standard (MMM)
C09034,4,8,5964.910000000001,5,2,5,525,2,Standard (MHH)
C09035,7,14,7280.23,4,4,5,445,2,Standard (MHH)
C09036,14,13,6551.2,3,4,5,345,2,Standard (MHH)
C09037,5,10,1482.6,5,3,1,531,1,Standard (MMM)
C09038,45,12,3730.75,1,4,3,143,1,Standard (MMM)
C09039,15,9,767.25,3,3,1,331,1,Standard (MMM)
C09040,16,10,3311.11,3,3,3,333,1,Standard (MMM)
C09041,2,15,5085.45,5,5,4,554,2,Standard (MHH)
C09042,7,18,5432.32,4,5,5,455,2,Standard (MHH)
C09043,20,10,2141.1,3,3,2,332,1,Standard (MMM)
C09044,8,7,2736.0,4,2,3,423,1,Standard (MMM)
C09045,2,10,5388.77,5,3,4,534,2,Standard (MHH)
C09046,54,4,996.39,1,1,1,111,0,Hibernating
C09047,5,2,740.04,5,1,1,511,1,Standard (MMM)
C09048,27,11,2804.3,2,4,3,243,1,Standard (MMM)
C09049,6,9,2892.43,5,3,3,533,1,Standard (MMM)
C09050,11,14,10875.46,4,4,5,445,2,Standard (MHH)
C09051,28,13,4173.35,2,4,4,244,2,Standard (MHH)
C09052,22,13,1937.2,2,4,2,242,1,Standard (MMM)
C09053,8,10,1892.25,4,3,2,432,1,Standard (MMM)
C09054,31,7,1482.5,2,2,1,221,1,Standard (MMM)
C09055,5,7,1942.5,5,2,2,522,1,Standard (MMM)
C09056,9,11,3482.0,4,4,3,443,1,Standard (MMM)
C09057,12,11,1481.15,4,4,1,441,1,Standard (MMM)
C09058,28,5,2298.6,2,1,2,212,1,Standard (MMM)
C09059,2,5,2082.52,5,1,2,512,1,Standard (MMM)
C09060,12,18,12509.37,4,5,5,455,2,Standard (MHH)
C09061,21,19,4733.0,2,5,4,254,2,Standard (MHH)
C09062,5,12,3854.8,5,4,4,544,2,Standard (MHH)
C09063,12,15,3707.87,4,5,3,453,2,Standard (MHH)
C09064,13,6,1866.25,3,1,2,312,1,Standard (MMM)
C09065,85,4,1077.0,1,1,1,111,0,Hibernating
C09066,28,16,7228.65,2,5,5,255,2,Standard (MHH)
C09067,5,15,6977.0,5,5,5,555,2,Standard (MHH)
C09068,6,10,3695.3,5,3,3,533,1,Standard (MMM)
C09069,29,10,4498.2,2,3,4,234,1,Standard (MMM)
C09070,31,14,2980.2,2,4,3,243,2,Standard (MHH)
C09071,17,15,6704.1,3,5,5,355,2,Standard (MHH)
C09072,2,19,6743.09,5,5,5,555,2,Standard (MHH)
C09073,26,10,3841.66,2,3,4,234,1,Standard (MMM)
C09074,12,14,6237.86,4,4,5,445,2,Standard (MHH)
C09075,7,14,4799.9,4,4,4,444,2,Standard (MHH)
C09076,7,14,1191.06,4,4,1,441,1,Standard (MMM)
C09077,48,8,3015.0,1,2,3,123,1,Standard (MMM)
C09078,7,10,5374.5700000000015,4,3,4,434,2,Standard (MHH)
C09079,25,16,6317.3,2,5,5,255,2,Standard (MHH)
C09080,3,14,1332.95,5,4,1,541,1,Standard (MMM)
C09081,21,2,234.0,2,1,1,211,1,Standard (MMM)
C09082,7,11,3400.5,4,4,3,443,1,Standard (MMM)
C09083,16,12,4591.5,3,4,4,344,2,Standard (MHH)
C09084,6,10,7732.0,5,3,5,535,2,Standard (MHH)
C09085,10,10,5373.64,4,3,4,434,2,Standard (MHH)
C09086,19,4,1857.25,3,1,2,312,1,Standard (MMM)
C09087,37,17,6071.13,1,5,5,155,2,Standard (MHH)
C09088,9,14,4814.36,4,4,4,444,2,Standard (MHH)
C09089,4,19,5843.6,5,5,5,555,2,Standard (MHH)
C09090,14,6,2937.5,3,1,3,313,1,Standard (MMM)
C09091,37,8,1474.78,1,2,1,121,1,Standard (MMM)
C09092,24,13,3469.54,2,4,3,243,2,Standard (MHH)
C09093,7,15,3248.02,4,5,3,453,2,Standard (MHH)
C09094,15,8,5312.09,3,2,4,324,1,Standard (MMM)
C09095,24,14,5055.83,2,4,4,244,2,Standard (MHH)
C09096,7,16,6435.6,4,5,5,455,2,Standard (MHH)
C09097,4,12,3460.5,5,4,3,543,2,Standard (MHH)
C09098,8,14,4171.3,4,4,4,444,2,Standard (MHH)
C09099,5,19,7949.51,5,5,5,555,2,Standard (MHH)
C09100,113,2,1351.0,1,1,1,111,0,Hibernating
C09101,4,8,2578.05,5,2,3,523,1,Standard (MMM)
C09102,7,3,475.0,4,1,1,411,1,Standard (MMM)
C09103,43,11,4842.0,1,4,4,144,2,Standard (MHH)
C09104,68,2,3067.17,1,1,3,113,0,Hibernating
C09105,49,7,2205.02,1,2,2,122,1,Standard (MMM)
C09106,2,9,2028.25,5,3,2,532,1,Standard (MMM)
C09107,9,3,1179.0,4,1,1,411,1,Standard (MMM)
C09108,22,16,4779.5,2,5,4,254,2,Standard (MHH)
C09109,20,6,1437.0,3,1,1,311,1,Standard (MMM)
C09110,25,16,4378.17,2,5,4,254,2,Standard (MHH)
C09111,39,9,3725.46,1,3,3,133,1,Standard (MMM)
C09112,10,14,3236.64,4,4,3,443,2,Standard (MHH)
C09113,2,11,2011.78,5,4,2,542,1,Standard (MMM)
C09114,25,11,3275.75,2,4,3,243,1,Standard (MMM)
C09115,5,8,3564.31,5,2,3,523,1,Standard (MMM)
C09116,17,6,2025.72,3,1,2,312,1,Standard (MMM)
C09117,6,18,4899.25,5,5,4,554,2,Standard (MHH)
C09118,19,13,1485.0,3,4,2,342,1,Standard (MMM)
C09119,12,11,6146.29,4,4,5,445,2,Standard (MHH)
C09120,3,17,4296.07,5,5,4,554,2,Standard (MHH)
C09121,35,2,610.0,2,1,1,211,1,Standard (MMM)
C09122,10,8,2298.0,4,2,2,422,1,Standard (MMM)
C09123,14,6,3043.84,3,1,3,313,1,Standard (MMM)
C09124,20,7,3696.0,3,2,3,323,1,Standard (MMM)
C09125,3,13,4808.78,5,4,4,544,2,Standard (MHH)
C09126,49,3,1934.5,1,1,2,112,0,Hibernating
C09127,9,9,2116.94,4,3,2,432,1,Standard (MMM)
C09128,10,11,1101.78,4,4,1,441,1,Standard (MMM)
C09129,17,14,6099.530000000001,3,4,5,345,2,Standard (MHH)
C09130,46,13,6205.7,1,4,5,145,2,Standard (MHH)
C09131,32,11,3479.48,2,4,3,243,1,Standard (MMM)
C09132,2,6,2922.75,5,1,3,513,1,Standard (MMM)
C09133,14,14,6312.19,3,4,5,345,2,Standard (MHH)
C09134,3,9,2618.25,5,3,3,533,1,Standard (MMM)
C09135,12,6,760.25,4,1,1,411,1,Standard (MMM)
C09136,37,11,1483.99,1,4,1,141,1,Standard (MMM)
C09137,6,13,6345.1900000000005,5,4,5,545,2,Standard (MHH)
C09138,10,18,6295.7,4,5,5,455,2,Standard (MHH)
C09139,38,6,2653.6,1,1,3,113,1,Standard (MMM)
C09140,96,2,289.0,1,1,1,111,0,Hibernating
C09141,13,11,1196.55,3,4,1,341,1,Standard (MMM)
C09142,4,17,6170.49,5,5,5,555,2,Standard (MHH)
C09143,9,12,4058.52,4,4,4,444,2,Standard (MHH)
C09144,24,3,689.0,2,1,1,211,1,Standard (MMM)
C09145,7,8,3046.0,4,2,3,423,1,Standard (MMM)
C09146,59,9,2087.6,1,3,2,132,0,Hibernating
C09147,66,4,1340.05,1,1,1,111,0,Hibernating
C09148,10,2,1916.4,4,1,2,412,1,Standard (MMM)
C09149,28,14,4737.16,2,4,4,244,2,Standard (MHH)
C09150,13,11,6322.770000000001,3,4,5,345,2,Standard (MHH)
C09151,10,5,982.2,4,1,1,411,1,Standard (MMM)
C09152,65,6,1524.4,1,1,2,112,0,Hibernating
C09153,32,8,5228.91,2,2,4,224,1,Standard (MMM)
C09154,57,7,1825.6,1,2,2,122,0,Hibernating
C09155,4,9,4202.9,5,3,4,534,1,Standard (MMM)
C09156,41,2,1021.5,1,1,1,111,0,Hibernating
C09157,5,4,875.0,5,1,1,511,1,Standard (MMM)
C09158,10,4,387.0,4,1,1,411,1,Standard (MMM)
C09159,24,13,8374.96,2,4,5,245,2,Standard (MHH)
C09160,75,5,978.25,1,1,1,111,0,Hibernating
C09161,5,9,3517.0,5,3,3,533,1,Standard (MMM)
C09162,15,12,11121.6,3,4,5,345,2,Standard (MHH)
C09163,7,11,3749.0,4,4,3,443,1,Standard (MMM)
C09164,6,8,2987.5,5,2,3,523,1,Standard (MMM)
C09165,32,3,700.0,2,1,1,211,1,Standard (MMM)
C09166,52,7,4515.8,1,2,4,124,1,Standard (MMM)
C09167,2,14,3193.98,5,4,3,543,2,Standard (MHH)
C09168,15,13,4193.34,3,4,4,344,2,Standard (MHH)
C09169,36,11,3949.42,1,4,4,144,1,Standard (MMM)
C09170,32,4,1350.4,2,1,1,211,1,Standard (MMM)
C09171,9,12,3816.3,4,4,4,444,2,Standard (MHH)
C09172,5,11,5685.0,5,4,5,545,2,Standard (MHH)
C09173,6,19,7008.84,5,5,5,555,2,Standard (MHH)
C09174,10,15,6360.4,4,5,5,455,2,Standard (MHH)
C09175,20,10,1951.0,3,3,2,332,1,Standard (MMM)
C09176,55,6,1695.0,1,1,2,112,0,Hibernating
C09177,42,13,6597.12,1,4,5,145,2,Standard (MHH)
C09178,29,8,4374.5,2,2,4,224,1,Standard (MMM)
C09179,27,6,1860.0,2,1,2,212,1,Standard (MMM)
C09180,16,8,2017.5,3,2,2,322,1,Standard (MMM)
C09181,9,6,1496.88,4,1,2,412,1,Standard (MMM)
C09182,7,8,2772.32,4,2,3,423,1,Standard (MMM)
C09183,10,6,1652.05,4,1,2,412,1,Standard (MMM)
C09184,2,4,1748.0,5,1,2,512,1,Standard (MMM)
C09185,28,10,6767.46,2,3,5,235,2,Standard (MHH)
C09186,130,2,171.0,1,1,1,111,0,Hibernating
C09187,11,2,519.0,4,1,1,411,1,Standard (MMM)
C09188,14,14,4084.66,3,4,4,344,2,Standard (MHH)
C09189,32,6,2183.7,2,1,2,212,1,Standard (MMM)
C09190,40,8,2204.1,1,2,2,122,1,Standard (MMM)
C09191,25,8,2030.0,2,2,2,222,1,Standard (MMM)
C09192,17,9,4829.8,3,3,4,334,1,Standard (MMM)
C09193,46,12,2056.5,1,4,2,142,1,Standard (MMM)
C09194,10,14,11504.47,4,4,5,445,2,Standard (MHH)
C09195,13,8,3270.3,3,2,3,323,1,Standard (MMM)
C09196,11,8,5790.66,4,2,5,425,2,Standard (MHH)
C09197,5,15,4442.0,5,5,4,554,2,Standard (MHH)
C09198,66,4,938.0,1,1,1,111,0,Hibernating
C09199,2,14,4370.85,5,4,4,544,2,Standard (MHH)
C09200,10,9,3066.0,4,3,3,433,1,Standard (MMM)
C09201,11,5,904.6,4,1,1,411,1,Standard (MMM)
C09202,60,7,766.24,1,2,1,121,0,Hibernating
C09203,4,15,4879.5,5,5,4,554,2,Standard (MHH)
C09204,24,9,2275.52,2,3,2,232,1,Standard (MMM)
C09205,122,2,884.0,1,1,1,111,0,Hibernating
C09206,8,13,4618.75,4,4,4,444,2,Standard (MHH)
C09207,16,14,5442.35,3,4,5,345,2,Standard (MHH)
C09208,28,6,1998.0,2,1,2,212,1,Standard (MMM)
C09209,2,10,2226.28,5,3,2,532,1,Standard (MMM)
C09210,5,6,2442.0,5,1,2,512,1,Standard (MMM)
C09211,20,12,2288.79,3,4,2,342,1,Standard (MMM)
C09212,23,9,3067.43,2,3,3,233,1,Standard (MMM)
C09213,27,9,2603.5,2,3,3,233,1,Standard (MMM)
C09214,42,13,7836.670000000001,1,4,5,145,2,Standard (MHH)
C09215,17,18,3669.39,3,5,3,353,2,Standard (MHH)
C09216,4,13,2880.98,5,4,3,543,2,Standard (MHH)
C09217,144,1,148.5,1,1,1,111,0,Hibernating
C09218,37,9,3754.6,1,3,3,133,1,Standard (MMM)
C09219,45,6,1530.0,1,1,2,112,1,Standard (MMM)
C09220,16,7,897.6,3,2,1,321,1,Standard (MMM)
C09221,15,7,1897.12,3,2,2,322,1,Standard (MMM)
C09222,14,4,2447.0,3,1,2,312,1,Standard (MMM)
C09223,29,9,1484.83,2,3,1,231,1,Standard (MMM)
C09224,41,3,1902.0,1,1,2,112,1,Standard (MMM)
C09225,24,12,5953.0,2,4,5,245,2,Standard (MHH)
C09226,13,12,5009.0,3,4,4,344,2,Standard (MHH)
C09227,12,10,3340.07,4,3,3,433,1,Standard (MMM)
C09228,84,6,2058.0,1,1,2,112,0,Hibernating
C09229,25,8,3394.0,2,2,3,223,1,Standard (MMM)
C09230,3,5,1393.0,5,1,1,511,1,Standard (MMM)
C09231,78,9,6840.52,1,3,5,135,0,Hibernating
C09232,2,6,4235.0,5,1,4,514,1,Standard (MMM)
C09233,13,5,1381.41,3,1,1,311,1,Standard (MMM)
C09234,9,6,1650.0,4,1,2,412,1,Standard (MMM)
C09235,22,17,3216.25,2,5,3,253,2,Standard (MHH)
C09236,27,12,4353.389999999999,2,4,4,244,2,Standard (MHH)
C09237,5,15,5327.25,5,5,4,554,2,Standard (MHH)
C09238,6,10,3436.0,5,3,3,533,1,Standard (MMM)
C09239,18,6,1974.75,3,1,2,312,1,Standard (MMM)
C09240,7,9,8021.0,4,3,5,435,2,Standard (MHH)
C09241,3,14,4015.34,5,4,4,544,2,Standard (MHH)
C09242,11,13,7531.05,4,4,5,445,2,Standard (MHH)
C09243,14,4,1518.0,3,1,2,312,1,Standard (MMM)
C09244,9,17,5184.07,4,5,4,454,2,Standard (MHH)
C09245,16,19,5273.52,3,5,4,354,2,Standard (MHH)
C09246,27,5,1458.0,2,1,1,211,1,Standard (MMM)
C09247,4,9,1694.25,5,3,2,532,1,Standard (MMM)
C09248,7,14,2262.5,4,4,2,442,2,Standard (MHH)
C09249,18,2,371.0,3,1,1,311,1,Standard (MMM)
C09250,31,3,462.72,2,1,1,211,1,Standard (MMM)
C09251,6,12,1486.0,5,4,2,542,1,Standard (MMM)
C09252,12,14,4245.7300000000005,4,4,4,444,2,Standard (MHH)
C09253,6,15,4070.25,5,5,4,554,2,Standard (MHH)
C09254,2,15,4611.7,5,5,4,554,2,Standard (MHH)
C09255,78,2,273.6,1,1,1,111,0,Hibernating
C09256,22,7,2782.6,2,2,3,223,1,Standard (MMM)
C09257,11,9,1561.0,4,3,2,432,1,Standard (MMM)
C09258,35,5,1475.0,2,1,1,211,1,Standard (MMM)
C09259,19,10,5897.0,3,3,5,335,2,Standard (MHH)
C09260,41,5,679.8,1,1,1,111,1,Standard (MMM)
C09261,3,17,4440.38,5,5,4,554,2,Standard (MHH)
C09262,2,6,3032.6000000000004,5,1,3,513,1,Standard (MMM)
C09263,24,7,775.6700000000001,2,2,1,221,1,Standard (MMM)
C09264,26,4,531.0,2,1,1,211,1,Standard (MMM)
C09265,17,4,2432.0,3,1,2,312,1,Standard (MMM)
C09266,38,6,1994.25,1,1,2,112,1,Standard (MMM)
C09267,21,7,6962.8,2,2,5,225,2,Standard (MHH)
C09268,30,11,2746.5,2,4,3,243,1,Standard (MMM)
C09269,53,4,4166.2,1,1,4,114,0,Hibernating
C09270,8,18,5527.85,4,5,5,455,2,Standard (MHH)
C09271,29,9,1763.2,2,3,2,232,1,Standard (MMM)
C09272,22,18,4993.32,2,5,4,254,2,Standard (MHH)
C09273,58,11,4309.0,1,4,4,144,1,Standard (MMM)
C09274,75,3,1238.0,1,1,1,111,0,Hibernating
C09275,5,5,2976.5,5,1,3,513,1,Standard (MMM)
C09276,12,15,3110.75,4,5,3,453,2,Standard (MHH)
C09277,19,9,2133.0,3,3,2,332,1,Standard (MMM)
C09278,24,2,119.0,2,1,1,211,1,Standard (MMM)
C09279,20,12,5269.099999999999,3,4,4,344,2,Standard (MHH)
C09280,28,11,4619.15,2,4,4,244,2,Standard (MHH)
C09281,25,15,3438.7,2,5,3,253,2,Standard (MHH)
C09282,41,6,1318.5,1,1,1,111,1,Standard (MMM)
C09283,7,9,3430.02,4,3,3,433,1,Standard (MMM)
C09284,11,17,7547.41,4,5,5,455,2,Standard (MHH)
C09285,19,13,4063.73,3,4,4,344,2,Standard (MHH)
C09286,70,6,2443.0,1,1,2,112,0,Hibernating
C09287,22,6,3150.75,2,1,3,213,1,Standard (MMM)
C09288,12,9,4210.0,4,3,4,434,1,Standard (MMM)
C09289,12,18,7481.42,4,5,5,455,2,Standard (MHH)
C09290,33,3,98.0,2,1,1,211,1,Standard (MMM)
C09291,42,11,5015.5,1,4,4,144,2,Standard (MHH)
C09292,48,6,747.0,1,1,1,111,0,Hibernating
C09293,3,8,3204.52,5,2,3,523,1,Standard (MMM)
C09294,19,8,5511.0,3,2,5,325,1,Standard (MMM)
C09295,20,2,988.8,3,1,1,311,1,Standard (MMM)
C09296,4,5,2711.03,5,1,3,513,1,Standard (MMM)
C09297,33,3,808.45,2,1,1,211,1,Standard (MMM)
C09298,17,7,1867.9,3,2,2,322,1,Standard (MMM)
C09299,5,9,2362.0,5,3,2,532,1,Standard (MMM)
C09300,34,6,1217.0,2,1,1,211,1,Standard (MMM)
C09301,50,6,1781.55,1,1,2,112,0,Hibernating
C09302,18,12,7790.09,3,4,5,345,2,Standard (MHH)
C09303,5,12,5561.75,5,4,5,545,2,Standard (MHH)
C09304,3,10,2690.9,5,3,3,533,1,Standard (MMM)
C09305,7,17,6103.45,4,5,5,455,2,Standard (MHH)
C09306,5,14,4020.68,5,4,4,544,2,Standard (MHH)
C09307,21,5,1439.2,2,1,1,211,1,Standard (MMM)
C09308,31,19,4762.73,2,5,4,254,2,Standard (MHH)
C09309,40,14,2256.43,1,4,2,142,1,Standard (MMM)
C09310,21,5,1385.84,2,1,1,211,1,Standard (MMM)
C09311,11,9,2318.68,4,3,2,432,1,Standard (MMM)
C09312,31,13,3162.32,2,4,3,243,2,Standard (MHH)
C09313,13,5,3599.75,3,1,3,313,1,Standard (MMM)
C09314,48,10,2472.0,1,3,2,132,1,Standard (MMM)
C09315,112,2,453.5,1,1,1,111,0,Hibernating
C09316,4,9,2664.33,5,3,3,533,1,Standard (MMM)
C09317,35,12,11916.040000000005,2,4,5,245,2,Standard (MHH)
C09318,13,19,8627.5,3,5,5,355,2,Standard (MHH)
C09319,51,9,3985.48,1,3,4,134,1,Standard (MMM)
C09320,29,6,2845.6000000000004,2,1,3,213,1,Standard (MMM)
C09321,2,18,4192.43,5,5,4,554,2,Standard (MHH)
C09322,5,10,2288.35,5,3,2,532,1,Standard (MMM)
C09323,13,14,4060.18,3,4,4,344,2,Standard (MHH)
C09324,16,9,1666.7,3,3,2,332,1,Standard (MMM)
C09325,12,9,6056.55,4,3,5,435,2,Standard (MHH)
C09326,13,14,5648.65,3,4,5,345,2,Standard (MHH)
C09327,6,14,4302.47,5,4,4,544,2,Standard (MHH)
C09328,8,8,1906.35,4,2,2,422,1,Standard (MMM)
C09329,2,12,4116.0,5,4,4,544,2,Standard (MHH)
C09330,37,4,621.23,1,1,1,111,1,Standard (MMM)
C09331,17,14,6247.0,3,4,5,345,2,Standard (MHH)
C09332,8,8,2709.0,4,2,3,423,1,Standard (MMM)
C09333,31,16,4926.85,2,5,4,254,2,Standard (MHH)
C09334,27,7,2047.65,2,2,2,222,1,Standard (MMM)
C09335,17,6,1464.5,3,1,1,311,1,Standard (MMM)
C09336,4,16,6574.45,5,5,5,555,2,Standard (MHH)
C09337,21,5,1977.85,2,1,2,212,1,Standard (MMM)
C09338,68,3,740.88,1,1,1,111,0,Hibernating
C09339,47,10,2445.0,1,3,2,132,1,Standard (MMM)
C09340,21,7,4799.85,2,2,4,224,1,Standard (MMM)
C09341,21,7,1225.8,2,2,1,221,1,Standard (MMM)
C09342,13,7,1784.59,3,2,2,322,1,Standard (MMM)
C09343,8,11,3911.0,4,4,4,444,1,Standard (MMM)
C09344,2,18,5385.53,5,5,4,554,2,Standard (MHH)
C09345,7,12,4467.25,4,4,4,444,2,Standard (MHH)
C09346,6,16,5099.0,5,5,4,554,2,Standard (MHH)
C09347,11,12,5830.0,4,4,5,445,2,Standard (MHH)
C09348,20,8,3899.05,3,2,4,324,1,Standard (MMM)
C09349,7,14,4135.47,4,4,4,444,2,Standard (MHH)
C09350,4,9,3737.2,5,3,3,533,1,Standard (MMM)
C09351,15,7,2347.5,3,2,2,322,1,Standard (MMM)
C09352,20,12,4606.1,3,4,4,344,2,Standard (MHH)
C09353,25,7,2588.5,2,2,3,223,1,Standard (MMM)
C09354,79,3,182.0,1,1,1,111,0,Hibernating
C09355,64,6,935.1,1,1,1,111,0,Hibernating
C09356,23,17,9836.45,2,5,5,255,2,Standard (MHH)
C09357,24,9,2751.56,2,3,3,233,1,Standard (MMM)
C09358,13,12,5666.62,3,4,5,345,2,Standard (MHH)
C09359,10,19,4666.37,4,5,4,454,2,Standard (MHH)
C09360,7,9,2663.33,4,3,3,433,1,Standard (MMM)
C09361,5,7,1666.0,5,2,2,522,1,Standard (MMM)
C09362,106,2,210.0,1,1,1,111,0,Hibernating
C09363,14,8,6151.2,3,2,5,325,2,Standard (MHH)
C09364,16,19,6991.7,3,5,5,355,2,Standard (MHH)
C09365,53,4,1014.5,1,1,1,111,0,Hibernating
C09366,33,3,675.0,2,1,1,211,1,Standard (MMM)
C09367,16,14,4728.43,3,4,4,344,2,Standard (MHH)
C09368,13,9,6876.27,3,3,5,335,2,Standard (MHH)
C09369,5,14,6256.87,5,4,5,545,2,Standard (MHH)
C09370,71,2,253.3,1,1,1,111,0,Hibernating
C09371,12,7,758.5,4,2,1,421,1,Standard (MMM)
C09372,5,3,2917.970000000001,5,1,3,513,1,Standard (MMM)
C09373,8,14,4342.2,4,4,4,444,2,Standard (MHH)
C09374,6,9,2140.1,5,3,2,532,1,Standard (MMM)
C09375,6,9,2136.6,5,3,2,532,1,Standard (MMM)
C09376,19,5,862.63,3,1,1,311,1,Standard (MMM)
C09377,15,13,7797.7,3,4,5,345,2,Standard (MHH)
C09378,29,9,1532.67,2,3,2,232,1,Standard (MMM)
C09379,5,14,7737.0,5,4,5,545,2,Standard (MHH)
C09380,62,4,2444.0,1,1,2,112,0,Hibernating
C09381,23,8,3327.05,2,2,3,223,1,Standard (MMM)
C09382,17,14,4882.8,3,4,4,344,2,Standard (MHH)
C09383,103,4,1203.0,1,1,1,111,0,Hibernating
C09384,79,2,805.0,1,1,1,111,0,Hibernating
C09385,4,15,9258.0,5,5,5,555,2,Standard (MHH)
C09386,5,8,4209.3,5,2,4,524,1,Standard (MMM)
C09387,8,7,4000.0,4,2,4,424,1,Standard (MMM)
C09388,26,4,2193.4,2,1,2,212,1,Standard (MMM)
C09389,3,8,1550.1,5,2,2,522,1,Standard (MMM)
C09390,16,7,3272.0,3,2,3,323,1,Standard (MMM)
C09391,144,4,1297.0,1,1,1,111,0,Hibernating
C09392,13,11,4555.5,3,4,4,344,2,Standard (MHH)
C09393,135,2,805.74,1,1,1,111,0,Hibernating
C09394,48,10,5687.25,1,3,5,135,2,Standard (MHH)
C09395,17,15,5447.9,3,5,5,355,2,Standard (MHH)
C09396,33,12,2622.7200000000003,2,4,3,243,1,Standard (MMM)
C09397,4,19,5345.61,5,5,4,554,2,Standard (MHH)
C09398,3,2,277.0,5,1,1,511,1,Standard (MMM)
C09399,31,6,1194.72,2,1,1,211,1,Standard (MMM)
C09400,11,18,3857.39,4,5,4,454,2,Standard (MHH)
C09401,54,8,1442.75,1,2,1,121,0,Hibernating
C09402,3,17,5957.08,5,5,5,555,2,Standard (MHH)
C09403,12,8,4394.0,4,2,4,424,1,Standard (MMM)
C09404,13,12,2905.75,3,4,3,343,1,Standard (MMM)
C09405,5,14,3660.0,5,4,3,543,2,Standard (MHH)
C09406,24,13,5213.5,2,4,4,244,2,Standard (MHH)
C09407,61,9,2983.4,1,3,3,133,0,Hibernating
C09408,3,18,6530.75,5,5,5,555,2,Standard (MHH)
C09409,32,15,4595.58,2,5,4,254,2,Standard (MHH)
C09410,6,11,6034.48,5,4,5,545,2,Standard (MHH)
C09411,18,14,10509.13,3,4,5,345,2,Standard (MHH)
C09412,3,10,3280.5,5,3,3,533,1,Standard (MMM)
C09413,8,16,7254.1,4,5,5,455,2,Standard (MHH)
C09414,5,6,6635.51,5,1,5,515,1,Standard (MMM)
C09415,35,13,6071.99,2,4,5,245,2,Standard (MHH)
C09416,15,12,4953.8,3,4,4,344,2,Standard (MHH)
C09417,16,7,2935.31,3,2,3,323,1,Standard (MMM)
C09418,23,7,1912.75,2,2,2,222,1,Standard (MMM)
C09419,12,9,2243.0,4,3,2,432,1,Standard (MMM)
C09420,14,10,1410.0,3,3,1,331,1,Standard (MMM)
C09421,34,11,3795.25,2,4,3,243,1,Standard (MMM)
C09422,82,3,1295.0,1,1,1,111,0,Hibernating
C09423,28,8,2761.0,2,2,3,223,1,Standard (MMM)
C09424,9,17,7917.9,4,5,5,455,2,Standard (MHH)
C09425,12,11,6159.44,4,4,5,445,2,Standard (MHH)
C09426,23,8,2841.0,2,2,3,223,1,Standard (MMM)
C09427,38,11,8575.65,1,4,5,145,2,Standard (MHH)
C09428,22,9,3396.02,2,3,3,233,1,Standard (MMM)
C09429,6,8,1494.0,5,2,2,522,1,Standard (MMM)
C09430,37,9,5560.85,1,3,5,135,2,Standard (MHH)
C09431,32,14,4613.2,2,4,4,244,2,Standard (MHH)
C09432,4,11,2561.18,5,4,3,543,1,Standard (MMM)
C09433,43,3,2283.0,1,1,2,112,1,Standard (MMM)
C09434,12,12,9555.7,4,4,5,445,2,Standard (MHH)
C09435,36,9,3764.4,1,3,3,133,1,Standard (MMM)
C09436,44,15,6160.33,1,5,5,155,2,Standard (MHH)
C09437,3,18,13441.720000000005,5,5,5,555,2,Standard (MHH)
C09438,53,10,4545.78,1,3,4,134,1,Standard (MMM)
C09439,53,5,1320.64,1,1,1,111,0,Hibernating
C09440,19,9,1134.82,3,3,1,331,1,Standard (MMM)
C09441,25,15,5570.65,2,5,5,255,2,Standard (MHH)
C09442,20,9,871.28,3,3,1,331,1,Standard (MMM)
C09443,26,17,4363.93,2,5,4,254,2,Standard (MHH)
C09444,15,9,2413.0,3,3,2,332,1,Standard (MMM)
C09445,136,2,923.51,1,1,1,111,0,Hibernating
C09446,28,8,3317.84,2,2,3,223,1,Standard (MMM)
C09447,7,8,5048.08,4,2,4,424,1,Standard (MMM)
C09448,30,10,5378.75,2,3,4,234,2,Standard (MHH)
C09449,21,5,1843.75,2,1,2,212,1,Standard (MMM)
C09450,9,11,3905.0,4,4,4,444,1,Standard (MMM)
C09451,13,11,4280.93,3,4,4,344,2,Standard (MHH)
C09452,21,4,1389.38,2,1,1,211,1,Standard (MMM)
C09453,4,11,3876.6,5,4,4,544,1,Standard (MMM)
C09454,31,11,3122.5,2,4,3,243,1,Standard (MMM)
C09455,14,15,5119.45,3,5,4,354,2,Standard (MHH)
C09456,18,8,2619.0,3,2,3,323,1,Standard (MMM)
C09457,19,4,629.0,3,1,1,311,1,Standard (MMM)
C09458,26,15,8185.4,2,5,5,255,2,Standard (MHH)
C09459,12,12,5045.51,4,4,4,444,2,Standard (MHH)
C09460,43,6,4440.78,1,1,4,114,1,Standard (MMM)
C09461,14,10,8665.869999999999,3,3,5,335,2,Standard (MHH)
C09462,5,8,3253.61,5,2,3,523,1,Standard (MMM)
C09463,5,12,4080.3,5,4,4,544,2,Standard (MHH)
C09464,8,12,4312.18,4,4,4,444,2,Standard (MHH)
C09465,17,12,6422.12,3,4,5,345,2,Standard (MHH)
C09466,5,17,5153.24,5,5,4,554,2,Standard (MHH)
C09467,12,14,3957.02,4,4,4,444,2,Standard (MHH)
C09468,31,9,1381.43,2,3,1,231,1,Standard (MMM)
C09469,3,8,1698.1,5,2,2,522,1,Standard (MMM)
C09470,9,14,8124.38,4,4,5,445,2,Standard (MHH)
C09471,5,7,1201.3,5,2,1,521,1,Standard (MMM)
C09472,44,3,1207.0,1,1,1,111,0,Hibernating
C09473,14,18,8853.060000000003,3,5,5,355,2,Standard (MHH)
C09474,32,10,1564.06,2,3,2,232,1,Standard (MMM)
C09475,6,15,4086.3,5,5,4,554,2,Standard (MHH)
C09476,7,19,9035.44,4,5,5,455,2,Standard (MHH)
C09477,73,9,6311.9400000000005,1,3,5,135,0,Hibernating
C09478,49,4,4545.4,1,1,4,114,0,Hibernating
C09479,48,4,1124.0,1,1,1,111,0,Hibernating
C09480,5,7,1566.5,5,2,2,522,1,Standard (MMM)
C09481,14,7,663.0,3,2,1,321,1,Standard (MMM)
C09482,8,15,6267.34,4,5,5,455,2,Standard (MHH)
C09483,18,9,2994.5,3,3,3,333,1,Standard (MMM)
C09484,8,17,3513.65,4,5,3,453,2,Standard (MHH)
C09485,49,10,4163.0,1,3,4,134,1,Standard (MMM)
C09486,3,13,5013.25,5,4,4,544,2,Standard (MHH)
C09487,3,17,7762.36,5,5,5,555,2,Standard (MHH)
C09488,4,15,5995.6,5,5,5,555,2,Standard (MHH)
C09489,10,13,10520.25,4,4,5,445,2,Standard (MHH)
C09490,14,14,2309.09,3,4,2,342,1,Standard (MMM)
C09491,94,8,3424.9,1,2,3,123,0,Hibernating
C09492,19,3,235.5,3,1,1,311,1,Standard (MMM)
C09493,2,12,5781.14,5,4,5,545,2,Standard (MHH)
C09494,4,12,4930.65,5,4,4,544,2,Standard (MHH)
C09495,49,4,1196.72,1,1,1,111,0,Hibernating
C09496,5,14,7974.0,5,4,5,545,2,Standard (MHH)
C09497,4,8,4672.39,5,2,4,524,1,Standard (MMM)
C09498,31,9,3015.98,2,3,3,233,1,Standard (MMM)
C09499,3,17,5742.33,5,5,5,555,2,Standard (MHH)
C09500,91,5,3223.5,1,1,3,113,0,Hibernating
C09501,63,7,2466.85,1,2,2,122,0,Hibernating
C09502,11,4,1067.37,4,1,1,411,1,Standard (MMM)
C09503,3,12,5372.15,5,4,4,544,2,Standard (MHH)
C09504,27,6,4441.5,2,1,4,214,1,Standard (MMM)
C09505,103,1,622.39,1,1,1,111,0,Hibernating
C09506,7,10,3010.42,4,3,3,433,1,Standard (MMM)
C09507,39,9,6702.200000000001,1,3,5,135,2,Standard (MHH)
C09508,7,6,3265.05,4,1,3,413,1,Standard (MMM)
C09509,23,9,2232.45,2,3,2,232,1,Standard (MMM)
C09510,44,11,3467.25,1,4,3,143,1,Standard (MMM)
C09511,22,4,364.6,2,1,1,211,1,Standard (MMM)
C09512,18,15,4702.42,3,5,4,354,2,Standard (MHH)
C09513,40,7,3611.0,1,2,3,123,1,Standard (MMM)
C09514,83,5,1430.0,1,1,1,111,0,Hibernating
C09515,24,6,1422.1,2,1,1,211,1,Standard (MMM)
C09516,2,8,2686.6,5,2,3,523,1,Standard (MMM)
C09517,17,9,1184.0,3,3,1,331,1,Standard (MMM)
C09518,9,8,2333.0,4,2,2,422,1,Standard (MMM)
C09519,33,8,2985.0,2,2,3,223,1,Standard (MMM)
C09520,17,10,2948.75,3,3,3,333,1,Standard (MMM)
C09521,14,9,2143.63,3,3,2,332,1,Standard (MMM)
C09522,99,4,678.0,1,1,1,111,0,Hibernating
C09523,19,11,5769.0,3,4,5,345,2,Standard (MHH)
C09524,11,11,4360.0,4,4,4,444,2,Standard (MHH)
C09525,37,5,1213.0,1,1,1,111,1,Standard (MMM)
C09526,3,10,2639.06,5,3,3,533,1,Standard (MMM)
C09527,3,15,6913.0,5,5,5,555,2,Standard (MHH)
C09528,6,11,5923.0,5,4,5,545,2,Standard (MHH)
C09529,16,6,2379.5,3,1,2,312,1,Standard (MMM)
C09530,16,16,7716.8,3,5,5,355,2,Standard (MHH)
C09531,22,11,4248.09,2,4,4,244,2,Standard (MHH)
C09532,16,19,8098.42,3,5,5,355,2,Standard (MHH)
C09533,4,13,9253.940000000002,5,4,5,545,2,Standard (MHH)
C09534,3,6,2302.56,5,1,2,512,1,Standard (MMM)
C09535,8,9,3326.12,4,3,3,433,1,Standard (MMM)
C09536,64,5,724.48,1,1,1,111,0,Hibernating
C09537,10,14,3573.2200000000003,4,4,3,443,2,Standard (MHH)
C09538,9,15,6820.0,4,5,5,455,2,Standard (MHH)
C09539,3,16,5339.45,5,5,4,554,2,Standard (MHH)
C09540,3,2,470.0,5,1,1,511,1,Standard (MMM)
C09541,31,13,6807.5,2,4,5,245,2,Standard (MHH)
C09542,37,7,3813.75,1,2,4,124,1,Standard (MMM)
C09543,27,2,324.0,2,1,1,211,1,Standard (MMM)
C09544,19,4,1741.68,3,1,2,312,1,Standard (MMM)
C09545,18,17,4906.73,3,5,4,354,2,Standard (MHH)
C09546,26,12,8405.94,2,4,5,245,2,Standard (MHH)
C09547,34,10,1418.7,2,3,1,231,1,Standard (MMM)
C09548,2,9,3206.7,5,3,3,533,1,Standard (MMM)
C09549,36,12,4571.75,1,4,4,144,2,Standard (MHH)
C09550,3,14,10906.0,5,4,5,545,2,Standard (MHH)
C09551,46,2,775.0,1,1,1,111,0,Hibernating
C09552,8,15,4890.49,4,5,4,454,2,Standard (MHH)
C09553,8,9,5607.970000000001,4,3,5,435,2,Standard (MHH)
C09554,5,8,1433.23,5,2,1,521,1,Standard (MMM)
C09555,37,7,4863.8,1,2,4,124,1,Standard (MMM)
C09556,38,9,1880.3,1,3,2,132,1,Standard (MMM)
C09557,86,4,1173.5,1,1,1,111,0,Hibernating
C09558,5,14,4415.73,5,4,4,544,2,Standard (MHH)
C09559,7,6,1040.0,4,1,1,411,1,Standard (MMM)
C09560,69,3,2271.0,1,1,2,112,0,Hibernating
C09561,24,8,3694.28,2,2,3,223,1,Standard (MMM)
C09562,5,8,1925.0,5,2,2,522,1,Standard (MMM)
C09563,45,6,1026.5,1,1,1,111,1,Standard (MMM)
C09564,4,6,3655.01,5,1,3,513,1,Standard (MMM)
C09565,11,12,5385.25,4,4,4,444,2,Standard (MHH)
C09566,21,12,9953.44,2,4,5,245,2,Standard (MHH)
C09567,21,9,4152.96,2,3,4,234,1,Standard (MMM)
C09568,3,13,6108.0,5,4,5,545,2,Standard (MHH)
C09569,19,10,5313.05,3,3,4,334,2,Standard (MHH)
C09570,5,16,3170.1,5,5,3,553,2,Standard (MHH)
C09571,8,10,9190.360000000002,4,3,5,435,2,Standard (MHH)
C09572,23,5,1420.25,2,1,1,211,1,Standard (MMM)
C09573,31,18,7617.559999999999,2,5,5,255,2,Standard (MHH)
C09574,73,7,1102.5,1,2,1,121,0,Hibernating
C09575,37,10,929.1,1,3,1,131,1,Standard (MMM)
C09576,12,13,5923.15,4,4,5,445,2,Standard (MHH)
C09577,47,15,3674.9,1,5,3,153,2,Standard (MHH)
C09578,9,9,6668.0,4,3,5,435,2,Standard (MHH)
C09579,3,17,8045.85,5,5,5,555,2,Standard (MHH)
C09580,28,16,7858.24,2,5,5,255,2,Standard (MHH)
C09581,70,4,427.25,1,1,1,111,0,Hibernating
C09582,7,15,9201.55,4,5,5,455,2,Standard (MHH)
C09583,2,10,4922.31,5,3,4,534,2,Standard (MHH)
C09584,14,14,4864.0,3,4,4,344,2,Standard (MHH)
C09585,4,12,5435.54,5,4,5,545,2,Standard (MHH)
C09586,23,14,6553.5,2,4,5,245,2,Standard (MHH)
C09587,2,16,8823.42,5,5,5,555,2,Standard (MHH)
C09588,11,5,1927.0,4,1,2,412,1,Standard (MMM)
C09589,24,10,2888.15,2,3,3,233,1,Standard (MMM)
C09590,20,8,2164.77,3,2,2,322,1,Standard (MMM)
C09591,6,14,7643.460000000001,5,4,5,545,2,Standard (MHH)
C09592,9,8,5679.0,4,2,5,425,1,Standard (MMM)
C09593,9,18,5256.7,4,5,4,454,2,Standard (MHH)
C09594,12,15,3872.5,4,5,4,454,2,Standard (MHH)
C09595,67,8,2124.0,1,2,2,122,0,Hibernating
C09596,41,8,2252.86,1,2,2,122,1,Standard (MMM)
C09597,5,12,4176.87,5,4,4,544,2,Standard (MHH)
C09598,8,6,2413.0,4,1,2,412,1,Standard (MMM)
C09599,41,15,5976.57,1,5,5,155,2,Standard (MHH)
C09600,17,16,3966.15,3,5,4,354,2,Standard (MHH)
C09601,3,18,5032.25,5,5,4,554,2,Standard (MHH)
C09602,7,7,3012.96,4,2,3,423,1,Standard (MMM)
C09603,17,12,3342.05,3,4,3,343,1,Standard (MMM)
C09604,18,2,278.15,3,1,1,311,1,Standard (MMM)
C09605,12,12,5847.15,4,4,5,445,2,Standard (MHH)
C09606,18,11,2803.2200000000003,3,4,3,343,1,Standard (MMM)
C09607,20,6,1796.0,3,1,2,312,1,Standard (MMM)
C09608,27,14,3087.84,2,4,3,243,2,Standard (MHH)
C09609,16,7,1630.31,3,2,2,322,1,Standard (MMM)
C09610,2,8,5996.6,5,2,5,525,2,Standard (MHH)
C09611,24,6,2223.31,2,1,2,212,1,Standard (MMM)
C09612,36,9,2538.25,1,3,2,132,1,Standard (MMM)
C09613,18,5,687.4,3,1,1,311,1,Standard (MMM)
C09614,14,9,2910.25,3,3,3,333,1,Standard (MMM)
C09615,47,7,849.1800000000001,1,2,1,121,1,Standard (MMM)
C09616,14,12,3890.0,3,4,4,344,2,Standard (MHH)
C09617,102,4,2766.83,1,1,3,113,0,Hibernating
C09618,9,12,2674.59,4,4,3,443,1,Standard (MMM)
C09619,11,15,3936.0,4,5,4,454,2,Standard (MHH)
C09620,5,8,2277.0,5,2,2,522,1,Standard (MMM)
C09621,11,7,1980.5,4,2,2,422,1,Standard (MMM)
C09622,30,11,2077.75,2,4,2,242,1,Standard (MMM)
C09623,4,10,9748.0,5,3,5,535,2,Standard (MHH)
C09624,12,9,4515.75,4,3,4,434,1,Standard (MMM)
C09625,23,14,1971.8,2,4,2,242,1,Standard (MMM)
C09626,17,10,3495.0,3,3,3,333,1,Standard (MMM)
C09627,5,18,9119.3,5,5,5,555,2,Standard (MHH)
C09628,62,6,422.7,1,1,1,111,0,Hibernating
C09629,3,19,6272.81,5,5,5,555,2,Standard (MHH)
C09630,35,7,5462.7,2,2,5,225,1,Standard (MMM)
C09631,8,11,3343.5,4,4,3,443,1,Standard (MMM)
C09632,20,13,5811.81,3,4,5,345,2,Standard (MHH)
C09633,72,3,834.0,1,1,1,111,0,Hibernating
C09634,31,11,4667.5,2,4,4,244,2,Standard (MHH)
C09635,16,5,1044.0,3,1,1,311,1,Standard (MMM)
C09636,39,9,2943.0,1,3,3,133,1,Standard (MMM)
C09637,26,7,1333.75,2,2,1,221,1,Standard (MMM)
C09638,7,18,8880.369999999999,4,5,5,455,2,Standard (MHH)
C09639,12,9,2755.52,4,3,3,433,1,Standard (MMM)
C09640,7,9,2672.5,4,3,3,433,1,Standard (MMM)
C09641,17,15,6283.35,3,5,5,355,2,Standard (MHH)
C09642,6,5,798.3,5,1,1,511,1,Standard (MMM)
C09643,14,4,572.0,3,1,1,311,1,Standard (MMM)
C09644,15,18,5951.78,3,5,5,355,2,Standard (MHH)
C09645,10,6,1808.0,4,1,2,412,1,Standard (MMM)
C09646,6,19,5625.1,5,5,5,555,2,Standard (MHH)
C09647,30,4,585.4,2,1,1,211,1,Standard (MMM)
C09648,22,9,2806.0,2,3,3,233,1,Standard (MMM)
C09649,9,8,2091.5,4,2,2,422,1,Standard (MMM)
C09650,26,9,1992.33,2,3,2,232,1,Standard (MMM)
C09651,17,7,2030.85,3,2,2,322,1,Standard (MMM)
C09652,18,7,2743.0,3,2,3,323,1,Standard (MMM)
C09653,28,9,4331.9,2,3,4,234,1,Standard (MMM)
C09654,7,13,5052.4400000000005,4,4,4,444,2,Standard (MHH)
C09655,46,13,12229.42,1,4,5,145,2,Standard (MHH)
C09656,6,16,6627.43,5,5,5,555,2,Standard (MHH)
C09657,20,11,1958.3,3,4,2,342,1,Standard (MMM)
C09658,16,11,8672.25,3,4,5,345,2,Standard (MHH)
C09659,18,14,26756.57,3,4,5,345,2,Standard (MHH)
C09660,17,6,2702.0,3,1,3,313,1,Standard (MMM)
C09661,33,8,2757.3,2,2,3,223,1,Standard (MMM)
C09662,7,13,2692.95,4,4,3,443,1,Standard (MMM)
C09663,6,19,6974.31,5,5,5,555,2,Standard (MHH)
C09664,10,13,4375.5,4,4,4,444,2,Standard (MHH)
C09665,41,9,3629.3,1,3,3,133,1,Standard (MMM)
C09666,9,9,6839.200000000001,4,3,5,435,2,Standard (MHH)
C09667,14,6,1506.8,3,1,2,312,1,Standard (MMM)
C09668,26,4,974.01,2,1,1,211,1,Standard (MMM)
C09669,12,6,2793.0,4,1,3,413,1,Standard (MMM)
C09670,4,9,1702.0,5,3,2,532,1,Standard (MMM)
C09671,16,13,2731.9,3,4,3,343,1,Standard (MMM)
C09672,17,11,4979.0,3,4,4,344,2,Standard (MHH)
C09673,2,18,6032.18,5,5,5,555,2,Standard (MHH)
C09674,38,6,1449.95,1,1,1,111,1,Standard (MMM)
C09675,32,12,5321.83,2,4,4,244,2,Standard (MHH)
C09676,32,9,2143.4,2,3,2,232,1,Standard (MMM)
C09677,86,4,1479.3,1,1,1,111,0,Hibernating
C09678,14,7,2179.75,3,2,2,322,1,Standard (MMM)
C09679,68,8,2276.87,1,2,2,122,0,Hibernating
C09680,58,8,2259.1,1,2,2,122,0,Hibernating
C09681,13,8,3123.0,3,2,3,323,1,Standard (MMM)
C09682,13,9,4734.84,3,3,4,334,1,Standard (MMM)
C09683,29,9,4866.58,2,3,4,234,1,Standard (MMM)
C09684,22,19,10474.7,2,5,5,255,2,Standard (MHH)
C09685,93,3,1615.7,1,1,2,112,0,Hibernating
C09686,5,9,3169.75,5,3,3,533,1,Standard (MMM)
C09687,5,7,3573.65,5,2,3,523,1,Standard (MMM)
C09688,107,2,408.0,1,1,1,111,0,Hibernating
C09689,68,3,673.27,1,1,1,111,0,Hibernating
C09690,11,10,2674.51,4,3,3,433,1,Standard (MMM)
C09691,2,8,1211.5,5,2,1,521,1,Standard (MMM)
C09692,79,2,242.0,1,1,1,111,0,Hibernating
C09693,58,6,3093.01,1,1,3,113,0,Hibernating
C09694,17,3,502.0,3,1,1,311,1,Standard (MMM)
C09695,4,6,8930.0,5,1,5,515,2,Standard (MHH)
C09696,23,7,1853.01,2,2,2,222,1,Standard (MMM)
C09697,6,17,6605.45,5,5,5,555,2,Standard (MHH)
C09698,10,9,2045.0,4,3,2,432,1,Standard (MMM)
C09699,32,7,1312.0,2,2,1,221,1,Standard (MMM)
C09700,39,4,774.0,1,1,1,111,1,Standard (MMM)
C09701,7,3,979.0,4,1,1,411,1,Standard (MMM)
C09702,33,12,3400.3,2,4,3,243,1,Standard (MMM)
C09703,25,10,3175.4,2,3,3,233,1,Standard (MMM)
C09704,4,8,2028.23,5,2,2,522,1,Standard (MMM)
C09705,44,6,1116.88,1,1,1,111,1,Standard (MMM)
C09706,41,8,1429.3,1,2,1,121,1,Standard (MMM)
C09707,14,9,3083.09,3,3,3,333,1,Standard (MMM)
C09708,3,11,2828.25,5,4,3,543,1,Standard (MMM)
C09709,10,17,5404.05,4,5,4,454,2,Standard (MHH)
C09710,75,6,1243.0,1,1,1,111,0,Hibernating
C09711,11,10,3744.25,4,3,3,433,1,Standard (MMM)
C09712,3,9,3807.8,5,3,4,534,1,Standard (MMM)
C09713,23,15,10432.8,2,5,5,255,2,Standard (MHH)
C09714,33,8,5285.03,2,2,4,224,1,Standard (MMM)
C09715,8,11,3753.55,4,4,3,443,1,Standard (MMM)
C09716,6,11,1904.06,5,4,2,542,1,Standard (MMM)
C09717,9,18,4063.05,4,5,4,454,2,Standard (MHH)
C09718,32,15,4119.35,2,5,4,254,2,Standard (MHH)
C09719,100,1,133.0,1,1,1,111,0,Hibernating
C09720,24,2,334.0,2,1,1,211,1,Standard (MMM)
C09721,15,7,2172.63,3,2,2,322,1,Standard (MMM)
C09722,13,6,996.8,3,1,1,311,1,Standard (MMM)
C09723,48,8,4361.6,1,2,4,124,1,Standard (MMM)
C09724,7,9,2297.5,4,3,2,432,1,Standard (MMM)
C09725,15,12,2909.91,3,4,3,343,1,Standard (MMM)
C09726,29,6,4273.5,2,1,4,214,1,Standard (MMM)
C09727,15,14,6314.03,3,4,5,345,2,Standard (MHH)
C09728,21,15,6128.1900000000005,2,5,5,255,2,Standard (MHH)
C09729,17,12,4120.0,3,4,4,344,2,Standard (MHH)
C09730,28,5,2506.23,2,1,2,212,1,Standard (MMM)
C09731,8,8,4010.25,4,2,4,424,1,Standard (MMM)
C09732,2,19,4315.84,5,5,4,554,2,Standard (MHH)
C09733,8,7,2214.4,4,2,2,422,1,Standard (MMM)
C09734,7,12,678.0,4,4,1,441,1,Standard (MMM)
C09735,16,8,2098.25,3,2,2,322,1,Standard (MMM)
C09736,3,18,8062.7,5,5,5,555,2,Standard (MHH)
C09737,26,6,4482.42,2,1,4,214,1,Standard (MMM)
C09738,2,19,8114.41,5,5,5,555,2,Standard (MHH)
C09739,47,12,2771.99,1,4,3,143,1,Standard (MMM)
C09740,114,6,2326.3,1,1,2,112,0,Hibernating
C09741,3,7,3761.6,5,2,3,523,1,Standard (MMM)
C09742,3,5,1648.0,5,1,2,512,1,Standard (MMM)
C09743,42,5,2304.0,1,1,2,112,1,Standard (MMM)
C09744,10,9,5762.97,4,3,5,435,2,Standard (MHH)
C09745,41,5,1699.2,1,1,2,112,1,Standard (MMM)
C09746,12,6,1913.2,4,1,2,412,1,Standard (MMM)
C09747,46,7,3457.0,1,2,3,123,1,Standard (MMM)
C09748,16,5,4078.1,3,1,4,314,1,Standard (MMM)
C09749,40,6,3600.5,1,1,3,113,1,Standard (MMM)
C09750,4,13,5702.8,5,4,5,545,2,Standard (MHH)
C09751,27,15,4430.75,2,5,4,254,2,Standard (MHH)
C09752,5,8,1515.1,5,2,2,522,1,Standard (MMM)
C09753,2,13,5179.81,5,4,4,544,2,Standard (MHH)
C09754,11,6,1569.0,4,1,2,412,1,Standard (MMM)
C09755,48,4,2979.17,1,1,3,113,0,Hibernating
C09756,15,9,1149.98,3,3,1,331,1,Standard (MMM)
C09757,16,9,1302.5,3,3,1,331,1,Standard (MMM)
C09758,3,10,3590.74,5,3,3,533,1,Standard (MMM)
C09759,5,6,4571.55,5,1,4,514,1,Standard (MMM)
C09760,7,11,4096.33,4,4,4,444,2,Standard (MHH)
C09761,17,7,3948.0,3,2,4,324,1,Standard (MMM)
C09762,31,6,1190.55,2,1,1,211,1,Standard (MMM)
C09763,37,7,3683.4,1,2,3,123,1,Standard (MMM)
C09764,75,6,3029.05,1,1,3,113,0,Hibernating
C09765,11,14,3121.7,4,4,3,443,2,Standard (MHH)
C09766,32,11,5289.99,2,4,4,244,2,Standard (MHH)
C09767,28,3,1756.0,2,1,2,212,1,Standard (MMM)
C09768,25,6,2067.0,2,1,2,212,1,Standard (MMM)
C09769,50,8,2207.18,1,2,2,122,1,Standard (MMM)
C09770,27,9,1555.3,2,3,2,232,1,Standard (MMM)
C09771,22,6,2884.3,2,1,3,213,1,Standard (MMM)
C09772,54,4,370.3,1,1,1,111,0,Hibernating
C09773,7,15,4610.77,4,5,4,454,2,Standard (MHH)
C09774,14,6,1407.85,3,1,1,311,1,Standard (MMM)
C09775,33,8,2484.0,2,2,2,222,1,Standard (MMM)
C09776,6,15,5013.0,5,5,4,554,2,Standard (MHH)
C09777,5,11,4245.75,5,4,4,544,2,Standard (MHH)
C09778,53,3,524.75,1,1,1,111,0,Hibernating
C09779,3,9,2571.5,5,3,3,533,1,Standard (MMM)
C09780,21,4,1157.0,2,1,1,211,1,Standard (MMM)
C09781,130,2,499.0,1,1,1,111,0,Hibernating
C09782,2,8,1301.77,5,2,1,521,1,Standard (MMM)
C09783,62,7,6166.0,1,2,5,125,0,Hibernating
C09784,27,4,1224.0,2,1,1,211,1,Standard (MMM)
C09785,5,14,5332.6,5,4,4,544,2,Standard (MHH)
C09786,11,12,5624.11,4,4,5,445,2,Standard (MHH)
C09787,12,8,2302.5,4,2,2,422,1,Standard (MMM)
C09788,17,13,4408.5,3,4,4,344,2,Standard (MHH)
C09789,32,11,4136.65,2,4,4,244,1,Standard (MMM)
C09790,6,6,2547.0,5,1,2,512,1,Standard (MMM)
C09791,47,6,3096.99,1,1,3,113,1,Standard (MMM)
C09792,18,7,2699.71,3,2,3,323,1,Standard (MMM)
C09793,13,11,2938.51,3,4,3,343,1,Standard (MMM)
C09794,2,15,11452.940000000002,5,5,5,555,2,Standard (MHH)
C09795,15,7,4948.75,3,2,4,324,1,Standard (MMM)
C09796,54,3,343.95,1,1,1,111,0,Hibernating
C09797,8,12,7247.4,4,4,5,445,2,Standard (MHH)
C09798,2,13,7070.0,5,4,5,545,2,Standard (MHH)
C09799,5,15,9139.0,5,5,5,555,2,Standard (MHH)
C09800,6,12,5001.83,5,4,4,544,2,Standard (MHH)
C09801,6,14,3110.34,5,4,3,543,2,Standard (MHH)
C09802,28,13,2630.75,2,4,3,243,1,Standard (MMM)
C09803,82,2,786.75,1,1,1,111,0,Hibernating
C09804,32,13,5352.43,2,4,4,244,2,Standard (MHH)
C09805,12,9,3250.8,4,3,3,433,1,Standard (MMM)
C09806,26,12,4449.5,2,4,4,244,2,Standard (MHH)
C09807,2,8,1879.1,5,2,2,522,1,Standard (MMM)
C09808,8,8,2811.2200000000003,4,2,3,423,1,Standard (MMM)
C09809,40,11,8917.55,1,4,5,145,2,Standard (MHH)
C09810,9,8,2874.0,4,2,3,423,1,Standard (MMM)
C09811,9,14,4820.2,4,4,4,444,2,Standard (MHH)
C09812,6,13,3830.5,5,4,4,544,2,Standard (MHH)
C09813,2,10,6882.68,5,3,5,535,2,Standard (MHH)
C09814,12,7,2265.5,4,2,2,422,1,Standard (MMM)
C09815,34,15,4969.25,2,5,4,254,2,Standard (MHH)
C09816,9,9,2066.9,4,3,2,432,1,Standard (MMM)
C09817,7,12,5643.0,4,4,5,445,2,Standard (MHH)
C09818,24,13,6722.45,2,4,5,245,2,Standard (MHH)
C09819,2,13,3677.34,5,4,3,543,2,Standard (MHH)
C09820,24,7,1860.95,2,2,2,222,1,Standard (MMM)
C09821,12,6,2257.0,4,1,2,412,1,Standard (MMM)
C09822,7,10,4416.55,4,3,4,434,1,Standard (MMM)
C09823,14,14,8029.32,3,4,5,345,2,Standard (MHH)
C09824,93,3,847.24,1,1,1,111,0,Hibernating
C09825,28,7,2658.5,2,2,3,223,1,Standard (MMM)
C09826,44,7,3078.0,1,2,3,123,1,Standard (MMM)
C09827,34,7,3286.48,2,2,3,223,1,Standard (MMM)
C09828,43,5,3341.7200000000003,1,1,3,113,1,Standard (MMM)
C09829,14,6,1851.51,3,1,2,312,1,Standard (MMM)
C09830,13,16,5658.5,3,5,5,355,2,Standard (MHH)
C09831,79,4,4125.0,1,1,4,114,0,Hibernating
C09832,5,17,12055.57,5,5,5,555,2,Standard (MHH)
C09833,72,3,1073.5,1,1,1,111,0,Hibernating
C09834,27,12,7238.15,2,4,5,245,2,Standard (MHH)
C09835,41,9,4197.05,1,3,4,134,1,Standard (MMM)
C09836,85,7,1902.0,1,2,2,122,0,Hibernating
C09837,7,14,1669.77,4,4,2,442,1,Standard (MMM)
C09838,10,5,1136.69,4,1,1,411,1,Standard (MMM)
C09839,11,10,1414.0,4,3,1,431,1,Standard (MMM)
C09840,30,15,5586.05,2,5,5,255,2,Standard (MHH)
C09841,13,14,7175.54,3,4,5,345,2,Standard (MHH)
C09842,28,13,5317.26,2,4,4,244,2,Standard (MHH)
C09843,8,10,3482.2,4,3,3,433,1,Standard (MMM)
C09844,47,4,677.1,1,1,1,111,0,Hibernating
C09845,19,8,4013.55,3,2,4,324,1,Standard (MMM)
C09846,53,8,2572.01,1,2,3,123,0,Hibernating
C09847,9,18,3933.68,4,5,4,454,2,Standard (MHH)
C09848,18,15,5404.72,3,5,4,354,2,Standard (MHH)
C09849,8,12,5897.95,4,4,5,445,2,Standard (MHH)
C09850,23,11,2747.82,2,4,3,243,1,Standard (MMM)
C09851,23,7,1596.0,2,2,2,222,1,Standard (MMM)
C09852,25,2,364.54,2,1,1,211,1,Standard (MMM)
C09853,6,12,3607.11,5,4,3,543,2,Standard (MHH)
C09854,15,8,6928.42,3,2,5,325,2,Standard (MHH)
C09855,6,9,5018.1,5,3,4,534,1,Standard (MMM)
C09856,27,8,4191.01,2,2,4,224,1,Standard (MMM)
C09857,2,3,636.0,5,1,1,511,1,Standard (MMM)
C09858,11,11,7312.95,4,4,5,445,2,Standard (MHH)
C09859,12,14,3051.24,4,4,3,443,2,Standard (MHH)
C09860,27,5,3938.2,2,1,4,214,1,Standard (MMM)
C09861,18,13,2749.9,3,4,3,343,1,Standard (MMM)
C09862,24,8,1563.0,2,2,2,222,1,Standard (MMM)
C09863,19,9,2428.8,3,3,2,332,1,Standard (MMM)
C09864,11,4,1205.0,4,1,1,411,1,Standard (MMM)
C09865,3,14,4052.63,5,4,4,544,2,Standard (MHH)
C09866,2,16,8070.36,5,5,5,555,2,Standard (MHH)
C09867,22,12,4204.5,2,4,4,244,2,Standard (MHH)
C09868,93,2,2329.0,1,1,2,112,0,Hibernating
C09869,2,3,437.2,5,1,1,511,1,Standard (MMM)
C09870,4,10,1619.12,5,3,2,532,1,Standard (MMM)
C09871,115,2,602.0,1,1,1,111,0,Hibernating
C09872,41,6,3527.44,1,1,3,113,1,Standard (MMM)
C09873,5,17,6564.46,5,5,5,555,2,Standard (MHH)
C09874,35,2,299.0,2,1,1,211,1,Standard (MMM)
C09875,7,6,1340.9,4,1,1,411,1,Standard (MMM)
C09876,12,15,5863.37,4,5,5,455,2,Standard (MHH)
C09877,12,17,4530.29,4,5,4,454,2,Standard (MHH)
C09878,27,9,5387.5,2,3,4,234,2,Standard (MHH)
C09879,5,16,5514.25,5,5,5,555,2,Standard (MHH)
C09880,27,5,2577.54,2,1,3,213,1,Standard (MMM)
C09881,5,8,2278.56,5,2,2,522,1,Standard (MMM)
C09882,30,14,6348.77,2,4,5,245,2,Standard (MHH)
C09883,26,7,4412.720000000001,2,2,4,224,1,Standard (MMM)
C09884,39,6,2740.25,1,1,3,113,1,Standard (MMM)
C09885,7,14,5015.89,4,4,4,444,2,Standard (MHH)
C09886,5,16,4601.31,5,5,4,554,2,Standard (MHH)
C09887,26,17,3777.7,2,5,3,253,2,Standard (MHH)
C09888,35,5,1241.5,2,1,1,211,1,Standard (MMM)
C09889,12,11,2912.55,4,4,3,443,1,Standard (MMM)
C09890,3,15,6153.44,5,5,5,555,2,Standard (MHH)
C09891,3,17,9469.12,5,5,5,555,2,Standard (MHH)
C09892,2,11,9081.5,5,4,5,545,2,Standard (MHH)
C09893,14,8,2544.3,3,2,2,322,1,Standard (MMM)
C09894,12,6,2804.0,4,1,3,413,1,Standard (MMM)
C09895,35,6,1464.3,2,1,1,211,1,Standard (MMM)
C09896,11,15,6683.8,4,5,5,455,2,Standard (MHH)
C09897,34,6,2928.4700000000003,2,1,3,213,1,Standard (MMM)
C09898,10,13,3738.96,4,4,3,443,2,Standard (MHH)
C09899,33,7,1363.96,2,2,1,221,1,Standard (MMM)
C09900,12,8,6732.15,4,2,5,425,2,Standard (MHH)
C09901,9,15,2202.6,4,5,2,452,2,Standard (MHH)
C09902,9,8,2350.3,4,2,2,422,1,Standard (MMM)
C09903,46,6,4410.0,1,1,4,114,1,Standard (MMM)
C09904,18,19,7680.9,3,5,5,355,2,Standard (MHH)
C09905,8,9,3140.0,4,3,3,433,1,Standard (MMM)
C09906,57,3,1548.5,1,1,2,112,0,Hibernating
C09907,32,7,8615.0,2,2,5,225,2,Standard (MHH)
C09908,39,9,2593.2,1,3,3,133,1,Standard (MMM)
C09909,34,11,5392.0,2,4,4,244,2,Standard (MHH)
C09910,12,13,2719.75,4,4,3,443,1,Standard (MMM)
C09911,8,7,2240.28,4,2,2,422,1,Standard (MMM)
C09912,35,3,2055.0,2,1,2,212,1,Standard (MMM)
C09913,5,14,5061.0,5,4,4,544,2,Standard (MHH)
C09914,11,4,2594.0,4,1,3,413,1,Standard (MMM)
C09915,17,17,7846.17,3,5,5,355,2,Standard (MHH)
C09916,3,13,8889.7,5,4,5,545,2,Standard (MHH)
C09917,31,6,893.0,2,1,1,211,1,Standard (MMM)
C09918,27,6,1282.9,2,1,1,211,1,Standard (MMM)
C09919,34,8,2549.25,2,2,2,222,1,Standard (MMM)
C09920,22,2,299.0,2,1,1,211,1,Standard (MMM)
C09921,7,4,961.8,4,1,1,411,1,Standard (MMM)
C09922,24,6,2724.0,2,1,3,213,1,Standard (MMM)
C09923,154,2,888.25,1,1,1,111,0,Hibernating
C09924,26,10,2177.0,2,3,2,232,1,Standard (MMM)
C09925,16,6,1003.67,3,1,1,311,1,Standard (MMM)
C09926,10,13,5045.8,4,4,4,444,2,Standard (MHH)
C09927,26,8,2876.75,2,2,3,223,1,Standard (MMM)
C09928,29,9,6770.02,2,3,5,235,2,Standard (MHH)
C09929,9,13,4377.11,4,4,4,444,2,Standard (MHH)
C09930,11,11,3140.92,4,4,3,443,1,Standard (MMM)
C09931,14,13,5937.75,3,4,5,345,2,Standard (MHH)
C09932,12,19,8681.42,4,5,5,455,2,Standard (MHH)
C09933,12,16,6666.65,4,5,5,455,2,Standard (MHH)
C09934,7,5,2219.4,4,1,2,412,1,Standard (MMM)
C09935,120,2,212.0,1,1,1,111,0,Hibernating
C09936,30,6,2383.4,2,1,2,212,1,Standard (MMM)
C09937,8,17,7481.95,4,5,5,455,2,Standard (MHH)
C09938,3,10,2852.02,5,3,3,533,1,Standard (MMM)
C09939,57,6,1221.1,1,1,1,111,0,Hibernating
C09940,7,18,3726.15,4,5,3,453,2,Standard (MHH)
C09941,98,2,483.75,1,1,1,111,0,Hibernating
C09942,14,19,11361.6,3,5,5,355,2,Standard (MHH)
C09943,2,9,3598.85,5,3,3,533,1,Standard (MMM)
C09944,13,2,2135.0,3,1,2,312,1,Standard (MMM)
C09945,4,9,6394.25,5,3,5,535,2,Standard (MHH)
C09946,21,6,2226.35,2,1,2,212,1,Standard (MMM)
C09947,3,15,5777.25,5,5,5,555,2,Standard (MHH)
C09948,10,4,995.54,4,1,1,411,1,Standard (MMM)
C09949,5,19,6207.72,5,5,5,555,2,Standard (MHH)
C09950,16,12,2805.25,3,4,3,343,1,Standard (MMM)
C09951,18,16,7173.84,3,5,5,355,2,Standard (MHH)
C09952,10,15,1948.73,4,5,2,452,2,Standard (MHH)
C09953,4,9,5552.53,5,3,5,535,2,Standard (MHH)
C09954,85,7,2780.25,1,2,3,123,0,Hibernating
C09955,42,3,1216.25,1,1,1,111,1,Standard (MMM)
C09956,15,4,5603.35,3,1,5,315,1,Standard (MMM)
C09957,10,9,3960.3,4,3,4,434,1,Standard (MMM)
C09958,12,14,3716.15,4,4,3,443,2,Standard (MHH)
C09959,25,3,1208.0,2,1,1,211,1,Standard (MMM)
C09960,22,11,2796.44,2,4,3,243,1,Standard (MMM)
C09961,16,11,8445.590000000002,3,4,5,345,2,Standard (MHH)
C09962,67,4,1203.0,1,1,1,111,0,Hibernating
C09963,4,11,4438.8,5,4,4,544,2,Standard (MHH)
C09964,2,8,2738.0,5,2,3,523,1,Standard (MMM)
C09965,62,12,3636.65,1,4,3,143,0,Hibernating
C09966,13,11,4838.5,3,4,4,344,2,Standard (MHH)
C09967,31,15,6097.75,2,5,5,255,2,Standard (MHH)
C09968,27,9,3559.44,2,3,3,233,1,Standard (MMM)
C09969,15,5,1432.0,3,1,1,311,1,Standard (MMM)
C09970,12,19,3142.24,4,5,3,453,2,Standard (MHH)
C09971,10,2,423.1,4,1,1,411,1,Standard (MMM)
C09972,20,8,1375.75,3,2,1,321,1,Standard (MMM)
C09973,15,17,5144.5,3,5,4,354,2,Standard (MHH)
C09974,31,6,1115.0,2,1,1,211,1,Standard (MMM)
C09975,4,14,3575.86,5,4,3,543,2,Standard (MHH)
C09976,12,7,2171.64,4,2,2,422,1,Standard (MMM)
C09977,138,6,2090.8,1,1,2,112,0,Hibernating
C09978,47,5,3750.78,1,1,3,113,1,Standard (MMM)
C09979,21,14,7383.6,2,4,5,245,2,Standard (MHH)
C09980,9,8,1371.0,4,2,1,421,1,Standard (MMM)
C09981,9,11,1700.5,4,4,2,442,1,Standard (MMM)
C09982,44,10,2235.85,1,3,2,132,1,Standard (MMM)
C09983,20,2,1098.0,3,1,1,311,1,Standard (MMM)
C09984,24,11,2588.25,2,4,3,243,1,Standard (MMM)
C09985,14,7,2035.0,3,2,2,322,1,Standard (MMM)
C09986,2,12,4878.62,5,4,4,544,2,Standard (MHH)
C09987,7,9,3787.81,4,3,3,433,1,Standard (MMM)
C09988,31,17,5093.36,2,5,4,254,2,Standard (MHH)
C09989,9,2,364.0,4,1,1,411,1,Standard (MMM)
C09990,6,16,8158.8,5,5,5,555,2,Standard (MHH)
C09991,48,2,3915.0,1,1,4,114,0,Hibernating
C09992,42,12,4530.75,1,4,4,144,2,Standard (MHH)
C09993,42,4,847.5,1,1,1,111,1,Standard (MMM)
C09994,10,18,5331.4,4,5,4,454,2,Standard (MHH)
C09995,4,9,2683.5,5,3,3,533,1,Standard (MMM)
C09996,54,6,2507.96,1,1,2,112,0,Hibernating
C09997,2,8,9270.5,5,2,5,525,2,Standard (MHH)
C09998,93,2,114.0,1,1,1,111,0,Hibernating
C09999,33,9,2873.95,2,3,3,233,1,Standard (MMM)
C10000,18,8,2605.42,3,2,3,323,1,Standard (MMM)
C10001,3,5,4002.0,5,1,4,514,1,Standard (MMM)
C10002,6,7,1294.5,5,2,1,521,1,Standard (MMM)
C10003,135,3,1692.0,1,1,2,112,0,Hibernating
C10004,25,12,2476.92,2,4,2,242,1,Standard (MMM)
C10005,11,13,7073.0700000000015,4,4,5,445,2,Standard (MHH)
C10006,35,6,3086.94,2,1,3,213,1,Standard (MMM)
C10007,24,7,2202.25,2,2,2,222,1,Standard (MMM)
C10008,16,3,792.0,3,1,1,311,1,Standard (MMM)
C10009,3,14,10674.75,5,4,5,545,2,Standard (MHH)
C10010,63,5,859.0,1,1,1,111,0,Hibernating
C10011,20,7,297.0,3,2,1,321,1,Standard (MMM)
C10012,51,8,3478.6,1,2,3,123,1,Standard (MMM)
C10013,9,12,2483.51,4,4,2,442,1,Standard (MMM)
C10014,64,8,1857.17,1,2,2,122,0,Hibernating
C10015,22,4,2014.0,2,1,2,212,1,Standard (MMM)
C10016,8,16,4736.95,4,5,4,454,2,Standard (MHH)
C10017,21,13,4091.15,2,4,4,244,2,Standard (MHH)
C10018,15,13,5586.0,3,4,5,345,2,Standard (MHH)
C10019,58,6,889.1,1,1,1,111,0,Hibernating
C10020,9,8,2412.1,4,2,2,422,1,Standard (MMM)
C10021,17,13,4402.31,3,4,4,344,2,Standard (MHH)
C10022,12,6,437.0,4,1,1,411,1,Standard (MMM)
C10023,34,4,912.2,2,1,1,211,1,Standard (MMM)
C10024,7,12,1457.32,4,4,1,441,1,Standard (MMM)
C10025,9,11,2294.0,4,4,2,442,1,Standard (MMM)
C10026,16,5,2517.5,3,1,2,312,1,Standard (MMM)
C10027,9,13,5125.5,4,4,4,444,2,Standard (MHH)
C10028,14,8,2389.2,3,2,2,322,1,Standard (MMM)
C10029,48,7,1093.83,1,2,1,121,1,Standard (MMM)
C10030,38,10,4365.0,1,3,4,134,1,Standard (MMM)
C10031,12,12,9113.0,4,4,5,445,2,Standard (MHH)
C10032,37,12,13538.36,1,4,5,145,2,Standard (MHH)
C10033,2,19,6263.5,5,5,5,555,2,Standard (MHH)
C10034,3,2,3716.0,5,1,3,513,1,Standard (MMM)
C10035,10,16,3815.23,4,5,4,454,2,Standard (MHH)
C10036,21,15,6670.66,2,5,5,255,2,Standard (MHH)
C10037,10,7,6550.7,4,2,5,425,2,Standard (MHH)
C10038,10,6,317.8,4,1,1,411,1,Standard (MMM)
C10039,19,8,2587.84,3,2,3,323,1,Standard (MMM)
C10040,43,8,2257.5,1,2,2,122,1,Standard (MMM)
C10041,3,13,4534.43,5,4,4,544,2,Standard (MHH)
C10042,81,3,381.5,1,1,1,111,0,Hibernating
C10043,6,19,5147.65,5,5,4,554,2,Standard (MHH)
C10044,5,18,5401.67,5,5,4,554,2,Standard (MHH)
C10045,24,10,1712.4,2,3,2,232,1,Standard (MMM)
C10046,10,4,2488.2,4,1,2,412,1,Standard (MMM)
C10047,2,6,1984.0,5,1,2,512,1,Standard (MMM)
C10048,32,17,13413.380000000005,2,5,5,255,2,Standard (MHH)
C10049,5,14,3550.0,5,4,3,543,2,Standard (MHH)
C10050,26,18,4698.17,2,5,4,254,2,Standard (MHH)
C10051,54,2,1131.0,1,1,1,111,0,Hibernating
C10052,46,2,1161.09,1,1,1,111,0,Hibernating
C10053,34,8,5745.0,2,2,5,225,1,Standard (MMM)
C10054,22,13,3640.6,2,4,3,243,2,Standard (MHH)
C10055,19,11,3454.0,3,4,3,343,1,Standard (MMM)
C10056,5,9,2890.17,5,3,3,533,1,Standard (MMM)
C10057,14,9,3251.0,3,3,3,333,1,Standard (MMM)
C10058,20,14,5688.5,3,4,5,345,2,Standard (MHH)
C10059,20,9,3589.83,3,3,3,333,1,Standard (MMM)
C10060,6,8,3192.35,5,2,3,523,1,Standard (MMM)
C10061,25,5,762.0,2,1,1,211,1,Standard (MMM)
C10062,2,5,883.0,5,1,1,511,1,Standard (MMM)
C10063,8,11,4735.0,4,4,4,444,2,Standard (MHH)
C10064,17,13,3582.5,3,4,3,343,2,Standard (MHH)
C10065,102,2,288.0,1,1,1,111,0,Hibernating
C10066,2,6,1992.1,5,1,2,512,1,Standard (MMM)
C10067,37,7,5901.200000000001,1,2,5,125,1,Standard (MMM)
C10068,12,17,5308.36,4,5,4,454,2,Standard (MHH)
C10069,21,9,4720.0,2,3,4,234,1,Standard (MMM)
C10070,12,9,4946.1,4,3,4,434,1,Standard (MMM)
C10071,5,15,5332.1,5,5,4,554,2,Standard (MHH)
C10072,29,9,3094.0,2,3,3,233,1,Standard (MMM)
C10073,7,6,3016.0,4,1,3,413,1,Standard (MMM)
C10074,9,7,1969.0,4,2,2,422,1,Standard (MMM)
C10075,4,10,2267.25,5,3,2,532,1,Standard (MMM)
C10076,19,11,3742.5,3,4,3,343,1,Standard (MMM)
C10077,8,14,5795.15,4,4,5,445,2,Standard (MHH)
C10078,14,13,2485.05,3,4,2,342,1,Standard (MMM)
C10079,34,11,11663.660000000003,2,4,5,245,2,Standard (MHH)
C10080,22,9,3070.75,2,3,3,233,1,Standard (MMM)
C10081,17,9,2984.5,3,3,3,333,1,Standard (MMM)
C10082,19,8,2515.05,3,2,2,322,1,Standard (MMM)
C10083,3,12,3969.99,5,4,4,544,2,Standard (MHH)
C10084,7,13,4943.86,4,4,4,444,2,Standard (MHH)
C10085,12,4,1949.45,4,1,2,412,1,Standard (MMM)
C10086,12,9,9318.810000000003,4,3,5,435,2,Standard (MHH)
C10087,35,11,1554.71,2,4,2,242,1,Standard (MMM)
C10088,19,5,2112.75,3,1,2,312,1,Standard (MMM)
C10089,18,16,6258.73,3,5,5,355,2,Standard (MHH)
C10090,17,6,2430.2,3,1,2,312,1,Standard (MMM)
C10091,12,12,4381.25,4,4,4,444,2,Standard (MHH)
C10092,9,18,5703.62,4,5,5,455,2,Standard (MHH)
C10093,4,8,2002.69,5,2,2,522,1,Standard (MMM)
C10094,15,15,8870.7,3,5,5,355,2,Standard (MHH)
C10095,15,6,2083.0,3,1,2,312,1,Standard (MMM)
C10096,24,8,2638.27,2,2,3,223,1,Standard (MMM)
C10097,12,19,5314.63,4,5,4,454,2,Standard (MHH)
C10098,31,19,8573.7,2,5,5,255,2,Standard (MHH)
C10099,20,9,2528.9,3,3,2,332,1,Standard (MMM)
C10100,6,11,2390.15,5,4,2,542,1,Standard (MMM)
C10101,4,18,5092.5,5,5,4,554,2,Standard (MHH)
C10102,11,16,5042.1,4,5,4,454,2,Standard (MHH)
C10103,23,12,2156.78,2,4,2,242,1,Standard (MMM)
C10104,79,5,1692.4,1,1,2,112,0,Hibernating
C10105,20,11,3192.29,3,4,3,343,1,Standard (MMM)
C10106,6,13,5038.4,5,4,4,544,2,Standard (MHH)
C10107,7,8,2721.0,4,2,3,423,1,Standard (MMM)
C10108,41,12,4196.0,1,4,4,144,2,Standard (MHH)
C10109,56,5,1525.0,1,1,2,112,0,Hibernating
C10110,18,8,3113.4,3,2,3,323,1,Standard (MMM)
C10111,36,15,3801.5,1,5,4,154,2,Standard (MHH)
C10112,4,19,8706.43,5,5,5,555,2,Standard (MHH)
C10113,11,15,6793.3,4,5,5,455,2,Standard (MHH)
C10114,13,14,4335.25,3,4,4,344,2,Standard (MHH)
C10115,14,11,3956.05,3,4,4,344,1,Standard (MMM)
C10116,14,5,1578.3,3,1,2,312,1,Standard (MMM)
C10117,2,14,4039.97,5,4,4,544,2,Standard (MHH)
C10118,4,9,3858.37,5,3,4,534,1,Standard (MMM)
C10119,4,5,1558.2,5,1,2,512,1,Standard (MMM)
C10120,17,8,2375.15,3,2,2,322,1,Standard (MMM)
C10121,24,5,1209.01,2,1,1,211,1,Standard (MMM)
C10122,4,3,1472.15,5,1,1,511,1,Standard (MMM)
C10123,31,11,973.74,2,4,1,241,1,Standard (MMM)
C10124,30,8,2045.9,2,2,2,222,1,Standard (MMM)
C10125,38,12,3805.21,1,4,4,144,1,Standard (MMM)
C10126,17,13,3255.75,3,4,3,343,2,Standard (MHH)
C10127,32,3,901.0,2,1,1,211,1,Standard (MMM)
C10128,5,8,2050.0,5,2,2,522,1,Standard (MMM)
C10129,6,15,6526.0,5,5,5,555,2,Standard (MHH)
C10130,18,12,2538.45,3,4,2,342,1,Standard (MMM)
C10131,7,13,5949.2,4,4,5,445,2,Standard (MHH)
C10132,8,11,3726.88,4,4,3,443,1,Standard (MMM)
C10133,6,16,5394.75,5,5,4,554,2,Standard (MHH)
C10134,43,2,448.2,1,1,1,111,0,Hibernating
C10135,6,8,1621.78,5,2,2,522,1,Standard (MMM)
C10136,72,4,603.96,1,1,1,111,0,Hibernating
C10137,10,10,3882.75,4,3,4,434,1,Standard (MMM)
C10138,68,7,5234.639999999999,1,2,4,124,0,Hibernating
C10139,2,19,5071.39,5,5,4,554,2,Standard (MHH)
C10140,10,3,812.0,4,1,1,411,1,Standard (MMM)
C10141,12,7,4305.68,4,2,4,424,1,Standard (MMM)
C10142,12,11,10079.890000000005,4,4,5,445,2,Standard (MHH)
C10143,44,5,1474.2,1,1,1,111,1,Standard (MMM)
C10144,21,4,587.99,2,1,1,211,1,Standard (MMM)
C10145,17,9,1797.0,3,3,2,332,1,Standard (MMM)
C10146,61,3,765.0,1,1,1,111,0,Hibernating
C10147,19,11,3479.0,3,4,3,343,1,Standard (MMM)
C10148,21,4,1329.2,2,1,1,211,1,Standard (MMM)
C10149,21,8,2827.25,2,2,3,223,1,Standard (MMM)
C10150,19,8,5577.0,3,2,5,325,1,Standard (MMM)
C10151,6,16,6545.95,5,5,5,555,2,Standard (MHH)
C10152,29,5,2302.8,2,1,2,212,1,Standard (MMM)
C10153,15,9,1431.22,3,3,1,331,1,Standard (MMM)
C10154,47,2,340.88,1,1,1,111,0,Hibernating
C10155,25,10,4759.1,2,3,4,234,1,Standard (MMM)
C10156,4,13,3989.7,5,4,4,544,2,Standard (MHH)
C10157,43,12,4712.5,1,4,4,144,2,Standard (MHH)
C10158,2,15,10165.0,5,5,5,555,2,Standard (MHH)
C10159,4,5,928.2,5,1,1,511,1,Standard (MMM)
C10160,59,9,1525.0,1,3,2,132,0,Hibernating
C10161,5,7,1065.78,5,2,1,521,1,Standard (MMM)
C10162,96,10,3349.0,1,3,3,133,0,Hibernating
C10163,2,8,781.8,5,2,1,521,1,Standard (MMM)
C10164,23,12,4551.76,2,4,4,244,2,Standard (MHH)
C10165,16,6,2886.0,3,1,3,313,1,Standard (MMM)
C10166,112,2,253.3,1,1,1,111,0,Hibernating
C10167,98,6,2155.94,1,1,2,112,0,Hibernating
C10168,7,17,5826.27,4,5,5,455,2,Standard (MHH)
C10169,19,7,4126.5,3,2,4,324,1,Standard (MMM)
C10170,4,7,775.8,5,2,1,521,1,Standard (MMM)
C10171,46,6,2791.0,1,1,3,113,1,Standard (MMM)
C10172,27,8,1340.0,2,2,1,221,1,Standard (MMM)
C10173,26,5,1624.98,2,1,2,212,1,Standard (MMM)
C10174,4,14,4987.32,5,4,4,544,2,Standard (MHH)
C10175,3,5,2735.470000000001,5,1,3,513,1,Standard (MMM)
C10176,77,3,393.0,1,1,1,111,0,Hibernating
C10177,6,11,3262.31,5,4,3,543,1,Standard (MMM)
C10178,14,9,2781.5,3,3,3,333,1,Standard (MMM)
C10179,40,9,1842.34,1,3,2,132,1,Standard (MMM)
C10180,6,6,2751.75,5,1,3,513,1,Standard (MMM)
C10181,2,19,4860.36,5,5,4,554,2,Standard (MHH)
C10182,8,7,5299.0,4,2,4,424,1,Standard (MMM)
C10183,51,6,1898.3,1,1,2,112,0,Hibernating
C10184,53,8,2255.95,1,2,2,122,0,Hibernating
C10185,65,8,3888.5,1,2,4,124,0,Hibernating
C10186,11,11,4037.16,4,4,4,444,2,Standard (MHH)
C10187,69,4,560.5,1,1,1,111,0,Hibernating
C10188,2,11,2422.69,5,4,2,542,1,Standard (MMM)
C10189,15,8,2536.17,3,2,2,322,1,Standard (MMM)
C10190,8,16,6251.94,4,5,5,455,2,Standard (MHH)
C10191,36,10,2009.98,1,3,2,132,1,Standard (MMM)
C10192,23,9,2143.92,2,3,2,232,1,Standard (MMM)
C10193,75,5,1861.5,1,1,2,112,0,Hibernating
C10194,83,3,961.55,1,1,1,111,0,Hibernating
C10195,19,4,1379.56,3,1,1,311,1,Standard (MMM)
C10196,17,18,4467.02,3,5,4,354,2,Standard (MHH)
C10197,6,14,3908.4,5,4,4,544,2,Standard (MHH)
C10198,5,10,3004.0,5,3,3,533,1,Standard (MMM)
C10199,47,9,2484.5,1,3,2,132,1,Standard (MMM)
C10200,21,11,5613.35,2,4,5,245,2,Standard (MHH)
C10201,3,17,4807.1,5,5,4,554,2,Standard (MHH)
C10202,62,9,2940.56,1,3,3,133,0,Hibernating
C10203,23,9,6500.5,2,3,5,235,2,Standard (MHH)
C10204,10,7,3146.33,4,2,3,423,1,Standard (MMM)
C10205,14,6,887.8,3,1,1,311,1,Standard (MMM)
C10206,6,17,7267.49,5,5,5,555,2,Standard (MHH)
C10207,12,10,2595.5,4,3,3,433,1,Standard (MMM)
C10208,110,2,435.0,1,1,1,111,0,Hibernating
C10209,3,11,4014.15,5,4,4,544,2,Standard (MHH)
C10210,13,9,3920.5,3,3,4,334,1,Standard (MMM)
C10211,71,6,2659.99,1,1,3,113,0,Hibernating
C10212,6,8,5351.0,5,2,4,524,1,Standard (MMM)
C10213,5,3,806.5,5,1,1,511,1,Standard (MMM)
C10214,27,12,2072.15,2,4,2,242,1,Standard (MMM)
C10215,21,15,4484.5,2,5,4,254,2,Standard (MHH)
C10216,22,7,3179.75,2,2,3,223,1,Standard (MMM)
C10217,16,3,843.0,3,1,1,311,1,Standard (MMM)
C10218,4,14,4031.75,5,4,4,544,2,Standard (MHH)
C10219,39,6,1025.5,1,1,1,111,1,Standard (MMM)
C10220,30,8,2078.05,2,2,2,222,1,Standard (MMM)
C10221,2,7,3845.5,5,2,4,524,1,Standard (MMM)
C10222,20,13,6679.0,3,4,5,345,2,Standard (MHH)
C10223,19,10,4657.5,3,3,4,334,1,Standard (MMM)
C10224,10,8,2134.25,4,2,2,422,1,Standard (MMM)
C10225,13,7,1642.6,3,2,2,322,1,Standard (MMM)
C10226,72,7,2555.5,1,2,2,122,0,Hibernating
C10227,17,14,10010.540000000005,3,4,5,345,2,Standard (MHH)
C10228,8,18,6287.85,4,5,5,455,2,Standard (MHH)
C10229,23,9,1364.0,2,3,1,231,1,Standard (MMM)
C10230,3,13,6783.640000000002,5,4,5,545,2,Standard (MHH)
C10231,27,14,7373.75,2,4,5,245,2,Standard (MHH)
C10232,15,11,3281.95,3,4,3,343,1,Standard (MMM)
C10233,13,13,9171.670000000002,3,4,5,345,2,Standard (MHH)
C10234,21,9,10099.0,2,3,5,235,2,Standard (MHH)
C10235,76,6,2188.8,1,1,2,112,0,Hibernating
C10236,40,12,4836.45,1,4,4,144,2,Standard (MHH)
C10237,5,9,2269.0,5,3,2,532,1,Standard (MMM)
C10238,9,14,4174.2,4,4,4,444,2,Standard (MHH)
C10239,6,9,1873.5,5,3,2,532,1,Standard (MMM)
C10240,23,6,1387.39,2,1,1,211,1,Standard (MMM)
C10241,13,2,642.0,3,1,1,311,1,Standard (MMM)
C10242,22,6,1218.0,2,1,1,211,1,Standard (MMM)
C10243,18,14,1565.59,3,4,2,342,1,Standard (MMM)
C10244,30,19,5029.35,2,5,4,254,2,Standard (MHH)
C10245,31,7,2304.25,2,2,2,222,1,Standard (MMM)
C10246,19,12,3521.62,3,4,3,343,1,Standard (MMM)
C10247,7,18,4530.96,4,5,4,454,2,Standard (MHH)
C10248,30,18,3717.07,2,5,3,253,2,Standard (MHH)
C10249,13,4,1135.0,3,1,1,311,1,Standard (MMM)
C10250,5,12,7437.0,5,4,5,545,2,Standard (MHH)
C10251,5,9,3124.75,5,3,3,533,1,Standard (MMM)
C10252,47,10,2817.2,1,3,3,133,1,Standard (MMM)
C10253,15,15,8304.3,3,5,5,355,2,Standard (MHH)
C10254,28,6,4966.0,2,1,4,214,1,Standard (MMM)
C10255,24,16,7213.889999999999,2,5,5,255,2,Standard (MHH)
C10256,2,13,13562.0,5,4,5,545,2,Standard (MHH)
C10257,4,6,728.95,5,1,1,511,1,Standard (MMM)
C10258,14,9,2504.5,3,3,2,332,1,Standard (MMM)
C10259,5,14,8573.5,5,4,5,545,2,Standard (MHH)
C10260,46,14,12021.0,1,4,5,145,2,Standard (MHH)
C10261,43,8,4370.38,1,2,4,124,1,Standard (MMM)
C10262,23,6,1406.0,2,1,1,211,1,Standard (MMM)
C10263,14,15,6455.15,3,5,5,355,2,Standard (MHH)
C10264,2,11,2825.0,5,4,3,543,1,Standard (MMM)
C10265,18,7,1639.44,3,2,2,322,1,Standard (MMM)
C10266,33,4,3436.0,2,1,3,213,1,Standard (MMM)
C10267,16,10,2776.5,3,3,3,333,1,Standard (MMM)
C10268,97,2,428.0,1,1,1,111,0,Hibernating
C10269,81,9,2105.55,1,3,2,132,0,Hibernating
C10270,3,9,6267.5,5,3,5,535,2,Standard (MHH)
C10271,18,14,2565.5,3,4,3,343,2,Standard (MHH)
C10272,8,19,7521.98,4,5,5,455,2,Standard (MHH)
C10273,7,12,3246.31,4,4,3,443,1,Standard (MMM)
C10274,23,15,4521.35,2,5,4,254,2,Standard (MHH)
C10275,12,4,2126.0,4,1,2,412,1,Standard (MMM)
C10276,20,11,5157.64,3,4,4,344,2,Standard (MHH)
C10277,26,6,2648.0,2,1,3,213,1,Standard (MMM)
C10278,2,5,702.88,5,1,1,511,1,Standard (MMM)
C10279,106,2,711.0899999999999,1,1,1,111,0,Hibernating
C10280,11,10,4176.0,4,3,4,434,1,Standard (MMM)
C10281,63,5,2408.58,1,1,2,112,0,Hibernating
C10282,16,12,2491.1,3,4,2,342,1,Standard (MMM)
C10283,14,10,3159.8,3,3,3,333,1,Standard (MMM)
C10284,13,10,2763.79,3,3,3,333,1,Standard (MMM)
C10285,16,7,1521.0,3,2,2,322,1,Standard (MMM)
C10286,2,12,4966.86,5,4,4,544,2,Standard (MHH)
C10287,3,9,3889.6,5,3,4,534,1,Standard (MMM)
C10288,10,9,3119.35,4,3,3,433,1,Standard (MMM)
C10289,5,14,10748.75,5,4,5,545,2,Standard (MHH)
C10290,114,2,204.25,1,1,1,111,0,Hibernating
C10291,3,6,2848.5,5,1,3,513,1,Standard (MMM)
C10292,30,7,2685.7,2,2,3,223,1,Standard (MMM)
C10293,26,9,3009.9,2,3,3,233,1,Standard (MMM)
C10294,10,10,3192.96,4,3,3,433,1,Standard (MMM)
C10295,51,7,2686.3,1,2,3,123,0,Hibernating
C10296,8,7,3707.67,4,2,3,423,1,Standard (MMM)
C10297,30,6,1086.76,2,1,1,211,1,Standard (MMM)
C10298,8,13,5117.3,4,4,4,444,2,Standard (MHH)
C10299,48,14,2995.8,1,4,3,143,2,Standard (MHH)
C10300,11,5,1113.65,4,1,1,411,1,Standard (MMM)
C10301,15,9,1682.88,3,3,2,332,1,Standard (MMM)
C10302,84,2,847.35,1,1,1,111,0,Hibernating
C10303,15,12,5637.22,3,4,5,345,2,Standard (MHH)
C10304,12,6,1761.5,4,1,2,412,1,Standard (MMM)
C10305,18,6,5234.42,3,1,4,314,1,Standard (MMM)
C10306,12,8,1166.12,4,2,1,421,1,Standard (MMM)
C10307,34,12,1640.08,2,4,2,242,1,Standard (MMM)
C10308,31,8,2409.3,2,2,2,222,1,Standard (MMM)
C10309,5,4,2383.01,5,1,2,512,1,Standard (MMM)
C10310,7,11,5122.970000000001,4,4,4,444,2,Standard (MHH)
C10311,16,6,3268.0,3,1,3,313,1,Standard (MMM)
C10312,6,9,7193.440000000002,5,3,5,535,2,Standard (MHH)
C10313,24,13,3894.6,2,4,4,244,2,Standard (MHH)
C10314,142,2,585.0,1,1,1,111,0,Hibernating
C10315,86,3,814.0,1,1,1,111,0,Hibernating
C10316,10,11,3314.0,4,4,3,443,1,Standard (MMM)
C10317,41,15,6788.42,1,5,5,155,2,Standard (MHH)
C10318,14,14,8261.77,3,4,5,345,2,Standard (MHH)
C10319,22,8,7594.01,2,2,5,225,2,Standard (MHH)
C10320,26,9,2991.0,2,3,3,233,1,Standard (MMM)
C10321,4,6,1893.14,5,1,2,512,1,Standard (MMM)
C10322,25,14,2667.05,2,4,3,243,2,Standard (MHH)
C10323,30,12,8732.4,2,4,5,245,2,Standard (MHH)
C10324,53,8,1904.85,1,2,2,122,0,Hibernating
C10325,16,8,2425.04,3,2,2,322,1,Standard (MMM)
C10326,8,12,2060.28,4,4,2,442,1,Standard (MMM)
C10327,11,8,5900.65,4,2,5,425,2,Standard (MHH)
C10328,22,7,4729.0,2,2,4,224,1,Standard (MMM)
C10329,2,15,5553.06,5,5,5,555,2,Standard (MHH)
C10330,13,12,3340.08,3,4,3,343,1,Standard (MMM)
C10331,10,9,3596.0,4,3,3,433,1,Standard (MMM)
C10332,9,15,4876.9,4,5,4,454,2,Standard (MHH)
C10333,11,9,3639.2,4,3,3,433,1,Standard (MMM)
C10334,22,12,9785.78,2,4,5,245,2,Standard (MHH)
C10335,8,8,3368.63,4,2,3,423,1,Standard (MMM)
C10336,36,7,3620.18,1,2,3,123,1,Standard (MMM)
C10337,19,8,2476.11,3,2,2,322,1,Standard (MMM)
C10338,2,8,3112.25,5,2,3,523,1,Standard (MMM)
C10339,8,9,5699.3,4,3,5,435,2,Standard (MHH)
C10340,12,8,2193.5,4,2,2,422,1,Standard (MMM)
C10341,27,8,4704.0,2,2,4,224,1,Standard (MMM)
C10342,16,3,1310.61,3,1,1,311,1,Standard (MMM)
C10343,19,14,4305.01,3,4,4,344,2,Standard (MHH)
C10344,14,4,779.64,3,1,1,311,1,Standard (MMM)
C10345,45,2,1217.56,1,1,1,111,0,Hibernating
C10346,63,2,773.0,1,1,1,111,0,Hibernating
C10347,8,11,7849.45,4,4,5,445,2,Standard (MHH)
C10348,9,6,1283.5,4,1,1,411,1,Standard (MMM)
C10349,82,9,2614.3,1,3,3,133,0,Hibernating
C10350,46,6,1255.2,1,1,1,111,1,Standard (MMM)
C10351,31,13,3487.0,2,4,3,243,2,Standard (MHH)
C10352,2,9,2508.0,5,3,2,532,1,Standard (MMM)
C10353,74,3,626.02,1,1,1,111,0,Hibernating
C10354,78,6,548.0,1,1,1,111,0,Hibernating
C10355,19,6,1558.69,3,1,2,312,1,Standard (MMM)
C10356,20,7,2167.1,3,2,2,322,1,Standard (MMM)
C10357,30,6,2359.35,2,1,2,212,1,Standard (MMM)
C10358,43,14,8800.4,1,4,5,145,2,Standard (MHH)
C10359,8,5,2637.0,4,1,3,413,1,Standard (MMM)
C10360,6,12,7041.0,5,4,5,545,2,Standard (MHH)
C10361,37,8,2898.03,1,2,3,123,1,Standard (MMM)
C10362,134,2,1127.0,1,1,1,111,0,Hibernating
C10363,15,10,2699.0,3,3,3,333,1,Standard (MMM)
C10364,24,10,3710.0,2,3,3,233,1,Standard (MMM)
C10365,4,11,4089.0,5,4,4,544,2,Standard (MHH)
C10366,5,9,2211.16,5,3,2,532,1,Standard (MMM)
C10367,6,8,4273.75,5,2,4,524,1,Standard (MMM)
C10368,7,13,5013.95,4,4,4,444,2,Standard (MHH)
C10369,2,17,6913.62,5,5,5,555,2,Standard (MHH)
C10370,34,9,5587.3,2,3,5,235,2,Standard (MHH)
C10371,15,12,2742.5,3,4,3,343,1,Standard (MMM)
C10372,4,11,5544.3,5,4,5,545,2,Standard (MHH)
C10373,4,5,901.25,5,1,1,511,1,Standard (MMM)
C10374,45,15,4753.1,1,5,4,154,2,Standard (MHH)
C10375,9,8,2389.1,4,2,2,422,1,Standard (MMM)
C10376,18,18,5332.7,3,5,4,354,2,Standard (MHH)
C10377,4,5,977.76,5,1,1,511,1,Standard (MMM)
C10378,11,5,2306.6,4,1,2,412,1,Standard (MMM)
C10379,5,11,6076.780000000002,5,4,5,545,2,Standard (MHH)
C10380,32,4,1183.81,2,1,1,211,1,Standard (MMM)
C10381,25,5,1699.8,2,1,2,212,1,Standard (MMM)
C10382,27,9,2019.5,2,3,2,232,1,Standard (MMM)
C10383,105,2,865.0,1,1,1,111,0,Hibernating
C10384,6,7,1699.85,5,2,2,522,1,Standard (MMM)
C10385,6,10,2569.0,5,3,3,533,1,Standard (MMM)
C10386,49,4,1224.1799999999998,1,1,1,111,0,Hibernating
C10387,8,18,7726.85,4,5,5,455,2,Standard (MHH)
C10388,6,8,2523.26,5,2,2,522,1,Standard (MMM)
C10389,45,6,7519.990000000002,1,1,5,115,2,Standard (MHH)
C10390,66,6,694.0,1,1,1,111,0,Hibernating
C10391,33,8,3488.85,2,2,3,223,1,Standard (MMM)
C10392,16,7,4400.07,3,2,4,324,1,Standard (MMM)
C10393,12,10,4778.49,4,3,4,434,2,Standard (MHH)
C10394,14,7,1228.55,3,2,1,321,1,Standard (MMM)
C10395,28,2,1121.0,2,1,1,211,1,Standard (MMM)
C10396,3,7,1284.88,5,2,1,521,1,Standard (MMM)
C10397,28,4,4008.470000000001,2,1,4,214,1,Standard (MMM)
C10398,7,12,5213.5,4,4,4,444,2,Standard (MHH)
C10399,4,10,1693.67,5,3,2,532,1,Standard (MMM)
C10400,12,11,3836.5,4,4,4,444,1,Standard (MMM)
C10401,2,10,2638.26,5,3,3,533,1,Standard (MMM)
C10402,13,17,4565.2,3,5,4,354,2,Standard (MHH)
C10403,45,9,2115.5,1,3,2,132,1,Standard (MMM)
C10404,7,10,4116.25,4,3,4,434,1,Standard (MMM)
C10405,79,5,1386.35,1,1,1,111,0,Hibernating
C10406,49,4,964.55,1,1,1,111,0,Hibernating
C10407,65,4,921.5,1,1,1,111,0,Hibernating
C10408,21,8,1489.73,2,2,2,222,1,Standard (MMM)
C10409,2,13,4863.0,5,4,4,544,2,Standard (MHH)
C10410,18,9,896.44,3,3,1,331,1,Standard (MMM)
C10411,10,18,7677.72,4,5,5,455,2,Standard (MHH)
C10412,24,10,3417.25,2,3,3,233,1,Standard (MMM)
C10413,8,18,3884.94,4,5,4,454,2,Standard (MHH)
C10414,12,8,2418.02,4,2,2,422,1,Standard (MMM)
C10415,25,7,1735.0,2,2,2,222,1,Standard (MMM)
C10416,2,19,8531.5,5,5,5,555,2,Standard (MHH)
C10417,11,7,2715.74,4,2,3,423,1,Standard (MMM)
C10418,39,8,2059.5,1,2,2,122,1,Standard (MMM)
C10419,31,3,2175.0,2,1,2,212,1,Standard (MMM)
C10420,17,6,1884.22,3,1,2,312,1,Standard (MMM)
C10421,19,12,4058.87,3,4,4,344,2,Standard (MHH)
C10422,13,11,4704.0,3,4,4,344,2,Standard (MHH)
C10423,11,6,2332.2,4,1,2,412,1,Standard (MMM)
C10424,22,7,1244.0,2,2,1,221,1,Standard (MMM)
C10425,16,10,4941.5,3,3,4,334,2,Standard (MHH)
C10426,29,19,6610.89,2,5,5,255,2,Standard (MHH)
C10427,8,15,4560.2,4,5,4,454,2,Standard (MHH)
C10428,9,8,2527.78,4,2,2,422,1,Standard (MMM)
C10429,8,6,2867.64,4,1,3,413,1,Standard (MMM)
C10430,16,5,1678.26,3,1,2,312,1,Standard (MMM)
C10431,24,6,5748.24,2,1,5,215,1,Standard (MMM)
C10432,7,15,18564.8,4,5,5,455,2,Standard (MHH)
C10433,12,11,3130.91,4,4,3,443,1,Standard (MMM)
C10434,136,4,2112.54,1,1,2,112,0,Hibernating
C10435,18,8,3222.0,3,2,3,323,1,Standard (MMM)
C10436,23,4,2086.4,2,1,2,212,1,Standard (MMM)
C10437,44,6,2331.0,1,1,2,112,1,Standard (MMM)
C10438,43,2,637.6,1,1,1,111,0,Hibernating
C10439,41,5,584.0,1,1,1,111,1,Standard (MMM)
C10440,27,8,3921.38,2,2,4,224,1,Standard (MMM)
C10441,35,15,3665.7,2,5,3,253,2,Standard (MHH)
C10442,124,2,468.0,1,1,1,111,0,Hibernating
C10443,36,7,2869.17,1,2,3,123,1,Standard (MMM)
C10444,18,8,1749.6,3,2,2,322,1,Standard (MMM)
C10445,33,12,5557.5,2,4,5,245,2,Standard (MHH)
C10446,38,8,2743.45,1,2,3,123,1,Standard (MMM)
C10447,12,15,6461.0,4,5,5,455,2,Standard (MHH)
C10448,2,12,1476.14,5,4,1,541,1,Standard (MMM)
C10449,16,14,6189.12,3,4,5,345,2,Standard (MHH)
C10450,23,4,499.2,2,1,1,211,1,Standard (MMM)
C10451,6,15,3523.75,5,5,3,553,2,Standard (MHH)
C10452,3,9,5956.08,5,3,5,535,2,Standard (MHH)
C10453,4,8,2172.76,5,2,2,522,1,Standard (MMM)
C10454,127,5,986.0,1,1,1,111,0,Hibernating
C10455,3,5,792.5,5,1,1,511,1,Standard (MMM)
C10456,28,8,1383.85,2,2,1,221,1,Standard (MMM)
C10457,5,5,815.6,5,1,1,511,1,Standard (MMM)
C10458,21,10,4321.85,2,3,4,234,1,Standard (MMM)
C10459,26,9,2406.35,2,3,2,232,1,Standard (MMM)
C10460,32,13,7996.5,2,4,5,245,2,Standard (MHH)
C10461,12,13,6407.4,4,4,5,445,2,Standard (MHH)
C10462,21,7,1616.7,2,2,2,222,1,Standard (MMM)
C10463,8,7,1051.6,4,2,1,421,1,Standard (MMM)
C10464,22,10,5654.5,2,3,5,235,2,Standard (MHH)
C10465,13,13,3763.25,3,4,3,343,2,Standard (MHH)
C10466,17,10,2772.8,3,3,3,333,1,Standard (MMM)
C10467,4,14,6135.75,5,4,5,545,2,Standard (MHH)
C10468,10,19,11821.42,4,5,5,455,2,Standard (MHH)
C10469,13,14,6471.0,3,4,5,345,2,Standard (MHH)
C10470,6,6,2321.0,5,1,2,512,1,Standard (MMM)
C10471,55,2,693.4,1,1,1,111,0,Hibernating
C10472,17,9,6065.0,3,3,5,335,2,Standard (MHH)
C10473,62,11,12251.0,1,4,5,145,2,Standard (MHH)
C10474,6,8,3799.05,5,2,4,524,1,Standard (MMM)
C10475,3,14,6281.290000000001,5,4,5,545,2,Standard (MHH)
C10476,11,12,5604.0,4,4,5,445,2,Standard (MHH)
C10477,7,10,1167.5,4,3,1,431,1,Standard (MMM)
C10478,17,8,2331.26,3,2,2,322,1,Standard (MMM)
C10479,28,7,1402.3,2,2,1,221,1,Standard (MMM)
C10480,8,10,3000.0,4,3,3,433,1,Standard (MMM)
C10481,27,3,264.1,2,1,1,211,1,Standard (MMM)
C10482,2,4,827.0,5,1,1,511,1,Standard (MMM)
C10483,59,5,620.85,1,1,1,111,0,Hibernating
C10484,15,8,1352.4,3,2,1,321,1,Standard (MMM)
C10485,15,7,1386.0,3,2,1,321,1,Standard (MMM)
C10486,19,10,2673.4,3,3,3,333,1,Standard (MMM)
C10487,39,3,516.0,1,1,1,111,1,Standard (MMM)
C10488,5,12,2307.85,5,4,2,542,1,Standard (MMM)
C10489,16,17,6208.05,3,5,5,355,2,Standard (MHH)
C10490,2,16,3470.7,5,5,3,553,2,Standard (MHH)
C10491,26,9,4058.21,2,3,4,234,1,Standard (MMM)
C10492,45,15,3494.15,1,5,3,153,2,Standard (MHH)
C10493,25,17,8560.05,2,5,5,255,2,Standard (MHH)
C10494,5,13,6528.5,5,4,5,545,2,Standard (MHH)
C10495,2,9,1685.98,5,3,2,532,1,Standard (MMM)
C10496,42,8,4291.470000000001,1,2,4,124,1,Standard (MMM)
C10497,18,7,2084.0,3,2,2,322,1,Standard (MMM)
C10498,10,8,1338.0,4,2,1,421,1,Standard (MMM)
C10499,8,13,1627.2,4,4,2,442,1,Standard (MMM)
